COUNTRY_NAME,COUNTRY_CODE,YEAR,MENINGITIS,NEOPLASMS,FIRE__HEAT__AND_HOT_SUBSTANCES,MALARIA,DROWNING,INTERPERSONAL_VIOLENCE,HIV_AIDS,DRUG_USE_DISORDERS,TUBERCULOSIS,ROAD_INJURIES,MATERNAL_DISORDERS,LOWER_RESPIRATORY_INFECTIONS,NEONATAL_DISORDERS,ALCOHOL_USE_DISORDERS,EXPOSURE_TO_FORCES_OF_NATURE,DIARRHEAL_DISEASES,ENVIRONMENTAL_HEAT_AND_COLD_EXPOSURE,NUTRITIONAL_DEFICIENCIES,SELF_HARM,CONFLICT_AND_TERRORISM,DIABETES_MELLITUS,POISONINGS,PROTEIN_ENERGY_MALNUTRITION,TERRORISM,CARDIOVASCULAR_DISEASES,CHRONIC_KIDNEY_DISEASE,CHRONIC_RESPIRATORY_DISEASES,CIRRHOSIS_AND_OTHER_CHRONIC_LIVER_DISEASES,DIGESTIVE_DISEASES,ACUTE_HEPATITIS,ALZHEIMERS_DISEASE_AND_OTHER_DEMENTIAS,PARKINSONS_DISEASE
Afghanistan,AFG,2007,2932.558590948986,15924.782541431216,481.2198167670799,392.9426072823354,2126.78853520243,3657.205757097375,148.27632921608125,251.83006455000324,4995.103368594333,7425.0719257743185,4989.828665109148,27671.53143166309,23889.79700363977,111.21590359827552,295.9999999999997,9320.442294591729,56.68077361131035,2488.1755546444515,1309.838111461112,8220.369573999995,3188.769589086892,512.5002356190207,2438.5670347178734,1199.0,53962.25185884871,4490.1742404657725,7221.773068421165,3345.814978830816,6457.75347625304,3437.0,1402.0,450.0
Afghanistan,AFG,2008,2730.846136688018,16147.83902555209,462.18057583280137,254.7034032790608,1973.3758929352407,3784.7028951882417,157.40113493420134,261.3916168027929,4789.722281547898,7354.74900286273,5020.136732989156,25800.35097159915,23791.854339440702,113.54178361528956,1317.0,8274.965442490431,56.84484988716866,2276.5480351412943,1330.0014218180838,6894.570626900007,3260.816091695947,495.2885631722405,2230.538625427961,1092.0,54050.64419567989,4533.825139408548,7142.796655860086,3316.354776011168,6407.964589824173,3005.0,1424.0,455.0
Afghanistan,AFG,2009,2460.1864227244864,16382.558546361555,448.3002638165421,239.03563522714168,1852.1552389599187,3874.099828016712,167.27069519700706,269.84528674354465,4578.915136706351,7290.468620611678,5013.2426952957785,24340.36147100344,23671.85844523357,115.27635576020612,100.99999999999991,7359.416572548239,56.851216466665655,2040.308746705757,1342.4893824575402,7616.870730000003,3335.5335659366424,482.526865603252,1997.5312157282167,1065.0,53964.195556656734,4596.974421667263,7045.249090002935,3291.158847153401,6358.027599561621,2663.0,1449.0,460.0
Afghanistan,AFG,2011,2326.767573176013,17093.515667834872,447.8843535199881,390.06024837813743,1774.9684756340498,4169.873037813297,183.8163425593777,292.3126383146476,4258.825530700409,7432.300560192872,4856.629032136194,22882.69028928195,23950.8008462122,120.43978094246674,82.99999999999993,6411.906911000374,57.9084192897119,1845.7172591753144,1390.8952516900422,9142.431548000006,3550.172680968829,483.08048813211417,1805.467088782968,1525.0,54347.26659275561,4784.629776293368,6915.563605616651,3317.8916616727524,6370.00038313186,2365.0,1508.0,473.0
Afghanistan,AFG,2012,2254.492968486809,17521.930189420647,445.22641218322696,93.89420053151112,1715.864705105913,4244.671108078565,190.525008380148,304.5701532047818,4121.9420275934535,7494.351481242018,4735.568610718347,22162.26397476469,24057.342827404784,123.49552683946328,333.0,6008.41263443172,102.8309775143746,1705.4398237357643,1413.1493562547462,11349.935804,3682.1669868053873,482.161456375184,1666.898963389631,3521.0,54868.120368055446,4845.6670278193305,6877.511216778829,3352.8465661924697,6398.171770041257,2264.0,1544.0,482.0
Afghanistan,AFG,2013,2280.9635907215743,18015.333217558524,460.45303571217744,143.48955693930637,1776.719458136525,4378.519061911582,200.1481274162371,315.8716582743361,4047.332181139303,8054.419839741634,4622.6827284565015,22259.71753907873,24234.04588400377,125.8161513111037,155.0000000000001,5986.342998663843,57.81012416228544,1690.0475142017856,1432.687526836777,11828.817004000004,3826.513884645197,493.988081193162,1651.232670337329,3709.0,55274.18906685613,4944.758706933134,6859.067984672819,3413.037894234564,6476.135806030948,2204.0,1581.0,491.0
Afghanistan,AFG,2014,1934.9047237275224,18461.99997643972,462.7987758322339,227.71831873325823,1757.026190454499,4420.18357459299,212.9093638112052,326.4637038575058,3970.230201400015,8086.537987829495,4469.588486901051,21750.161649166606,24163.065525141028,128.102661188948,575.0000000000005,5751.3299624186175,57.48371335298648,1617.139004105096,1444.2523108563687,18007.963581080003,3985.58487439155,495.8911630346409,1579.1420746916272,5414.0,55931.50360383149,5054.619519722942,6850.700728328786,3453.935362254057,6521.615168436609,2134.0,1620.0,502.0
Afghanistan,AFG,2015,1820.865115399148,18875.77882523169,462.7238157975512,283.9483560268313,1729.8376373485569,5039.130135327487,230.2184550834688,338.8324717584263,3893.03199018352,7730.314755826862,4319.797612018371,21015.53679705845,23953.07690856411,131.02790736935992,446.00000000000017,5508.7623690344535,57.8477970143892,1505.164788906489,1467.1081897637612,23666.800675999973,4143.130480065431,495.8275030919733,1468.6838596957994,6216.0,56874.76105010042,5153.057293143508,6834.929563461181,3491.934747097648,6555.086002726184,2065.0,1652.0,511.0
Afghanistan,AFG,2016,1795.1013437253748,19459.082195226005,471.0633578544957,387.7222661782283,1742.0494324762344,5032.538503501707,250.78921914083423,354.06147005631715,3842.690485523999,7866.3698982107535,4211.812368432782,20600.86090347961,23956.06753377129,134.62291369935934,84.00000000000011,5376.362956316404,58.26209650641089,1452.0727619543652,1504.7461715502595,28051.00000000001,4349.06926057837,503.8407684875661,1416.044406295743,6142.0,57969.92267969345,5296.245143905092,6893.736120122888,3577.8843923183654,6672.548916139977,2044.0,1690.0,524.0
Bahrain,BHR,2008,3.697990128463362,464.778802769834,12.531263807045384,0.0,11.959981887438444,32.990876160152105,11.960619617937008,2.3680593959099228,11.428483399034528,170.67586426460352,5.339269981580582,66.67415799879915,55.32759551601642,4.079645519530095,0.0,8.952539798268802,0.5356028744584687,4.1487474622024445,89.44449311911823,1.0,355.79291399236604,2.164228677682754,3.836906522110019,1.0,838.4545472038826,112.43953585904606,135.22094017282615,84.72081092073552,137.034939983395,4.0,34.0,13.0
Bahrain,BHR,2010,3.4704988191083874,499.4488085218344,13.375147834385947,0.0,12.17630740960138,35.49060582564771,12.44994721894085,2.342829705341978,10.955131287520327,167.63832439061972,5.250890865669152,66.45063580325538,52.0926188583539,4.810446930369505,0.0,8.895306887707445,0.5706468640361769,4.115841672850242,86.22042613743837,0.0,403.6368440281368,2.270198082664159,3.7337860425634943,0.0,862.3922492021289,119.08008461243315,126.47849041177868,89.46409037919484,140.47643917075382,4.0,38.0,13.0
Bangladesh,BGD,2007,4633.194350614886,69815.7036232977,1405.1577604456363,3790.957528523416,22023.94734418611,3390.799222543726,154.59410579567373,224.9132708559783,44186.075628490384,8926.913640035596,8083.369900057172,56958.0946181019,86637.9535794874,276.8049894028611,5504.999999999999,35609.54192251347,206.5289479325856,12075.680612772549,8467.751789264288,19.000000000000018,22320.742084543886,478.6233636532676,9193.881895657272,1.0,229986.003193002,10465.523900096849,60138.21800861968,26713.7306581659,41052.86245810357,3970.0,6653.0,2609.0
Bangladesh,BGD,2008,4638.274039325988,71058.99111173571,1369.4300938901736,6577.257568666793,20625.59399113649,3393.94369522068,186.7000757099537,224.38034456719328,41736.25379066854,8984.265519490775,7432.432979506241,53458.50203594148,83087.30450361795,277.0432888579017,68.00000000000011,33338.35451065285,75.81097917675478,10811.87891930463,8249.592096744407,21.99999999999997,22325.31427928269,483.8122342818797,8009.065772680346,9.0,234002.1516506033,10494.907496483143,59378.148028364034,25922.04396656121,39833.41454456717,3873.0,6891.0,2647.0
Bangladesh,BGD,2009,3845.591153819183,73425.49540195058,1359.5787723732672,4104.964420115462,19115.45916159213,3521.0003928165684,213.89089537707287,227.2821435367013,39446.145251382186,9142.563049273564,7008.215847474037,50205.94522819941,79127.60606220114,278.55466525667424,212.99999999999977,32311.95524012624,144.77925867280928,9739.01360287351,8237.326449916945,20.000000000000018,22684.876703766247,497.0277870926408,7004.5946212022045,18.0,242016.1439171413,10648.040993374523,59517.00422028883,25497.26854497764,39290.51848288578,3884.0,7239.0,2745.0
Bangladesh,BGD,2010,3662.9968731843287,76058.17063957104,1468.8284848227595,4993.288428810223,17169.111515933553,3576.424683050469,246.3439327659964,229.08447982678496,37696.72949823122,9182.68995046249,6938.464027336432,47583.75857023065,75447.87803576214,279.70322030896455,106.99999999999984,31548.309838159686,146.79644196433108,8793.277415784822,8133.199635137447,127.10438100000005,23286.86675450359,505.864260764193,6149.062516677572,15.0,252054.44172922903,10770.803618625696,60294.36884407058,25084.913674784555,38799.449029954834,3941.0,7658.0,2899.0
Bangladesh,BGD,2011,3328.111342517603,76393.17218727733,1268.5227216405349,5107.783618755714,15392.404136636587,3677.908361792436,285.9182166197644,220.2670491970112,34335.27097875848,8715.266744439135,6848.393618123672,44082.92631622963,72191.97431495838,275.7102441858577,39.99999999999999,30285.431454075704,140.61511825540498,7706.184037250964,7534.384231417802,402.207949,21980.94907825397,493.87656937448014,5308.948211747637,9.0,243360.96053055723,10469.999810693482,56564.02759717436,24070.498884480294,37326.70733632259,3848.0,7951.0,2713.0
Bangladesh,BGD,2012,3004.716816432724,77714.98123433917,1227.219529511222,1087.165002016883,13666.4393360003,3631.9074240300174,320.01624372660865,217.09963067683844,31899.541476149032,8392.924342570692,7282.6837308565855,40685.327197278006,67830.65469702681,277.3685578471436,272.0000000000003,29560.46529852693,102.98752537311924,6791.701999447488,7119.428552520319,316.9868140000004,21230.669084268786,499.96627564665147,4550.484343838469,8.0,238443.16608100905,10335.722236169771,53698.380159485634,23548.472061987,36562.13268870225,3831.0,8374.0,2556.0
Bangladesh,BGD,2013,2886.6403435828583,80502.67646951381,1218.9516473150024,480.8082489495944,12246.34027730986,3840.91235486154,343.27489135202427,224.1923078075604,31181.92205506154,8370.64015009999,7342.627144740095,39182.86525921666,63358.48630532964,280.0052516658812,49.99999999999997,30074.55694136651,130.95600476244505,6258.716742947275,6948.873296352615,140.95603000000003,22032.99193877012,490.2989382970285,4024.246492068179,16.0,245834.12808472672,10470.184452514975,54792.111959958784,23445.03528067688,36586.76041675094,3920.0,9137.0,2719.0
Bangladesh,BGD,2015,2366.1809826369404,87111.96245573359,1233.3945618063108,900.5369497968541,10182.428666954436,4086.813947786778,367.8493330037163,232.7851280627692,30628.857407121483,8468.844652639591,7438.825687147118,37458.43445365228,55251.296051576486,286.292225482686,158.99999999999986,31321.014269039493,94.44572973746826,5703.178880811763,6856.5375456362335,163.18033099999968,24519.77131021426,518.1432577615825,3477.68296480112,86.0,268859.3105004119,10872.176805183306,58308.11236030927,23621.57935550469,37321.80524445399,4143.0,10930.0,3180.0
Bangladesh,BGD,2016,2334.054484050432,91435.5625086654,1248.9297599454176,579.7962187774689,9400.926227642422,4051.781890792799,377.0319327494339,248.9796106915892,30375.78466933385,8427.875532372356,7203.518252831766,37102.778728245066,51546.16350946785,294.89087646330853,198.00000000000009,32195.040287294807,98.98081998701213,5311.380160674892,6887.385377542704,230.7144629999998,26258.633856492743,533.0115601633776,3109.362315440966,76.0,279014.3912402652,11264.71917625736,60948.28255197159,24192.123789966063,38321.508419391226,4270.0,12037.0,3441.0
Belarus,BLR,2008,79.138723977433,20079.87266093077,789.0319072875366,0.0,1071.8322393496858,1298.1768767713222,325.92982121648527,317.5682523091881,729.2373939713904,1882.435264662805,17.941767364243805,1362.975087143839,327.4636782216525,2426.137709125353,5.463251,11.143472793703546,1156.210164991867,46.23675775008442,3594.365114436013,11.589220000000012,424.97543752543817,465.4362420698167,23.96465938747419,0.0,80064.16134251287,508.9929022602064,3172.608099471417,2967.625160790282,4931.693752196481,25.0,2778.0,595.0
Belarus,BLR,2010,73.99147781799986,21003.532892788146,804.2269513610621,0.0,1064.911437969567,1015.3436728814646,378.9252891308552,382.7692655341463,692.0836905596345,1695.185349070733,18.15495555209641,1421.0713889867077,289.6446212117125,2916.5776660464494,3.5962570000000014,12.07020026368766,1124.646923099354,50.91747522839083,3421.172709489584,7.666860000000007,402.83184018511713,468.9638900384778,26.244220399778577,0.0,81910.89783510314,515.4453343455245,2720.871794075937,3225.123413525426,5323.265698567429,26.0,2926.0,625.0
Belarus,BLR,2011,71.86392018879954,21181.216424280945,845.3778359255919,0.0,991.2458546190026,1203.7295382613636,411.5331461607529,364.1632374093306,668.0354890085924,1651.2911137296649,19.233725142092325,1430.1353242373643,275.8150648649665,2995.76786301871,6.005968000000004,12.94509875074855,1189.773901594321,53.611161121129165,3396.376087336276,26.018640000000016,402.4994001986605,443.50022603464953,27.44933185948274,13.0,83777.02964090838,524.5670951030343,2586.4551338173915,3329.1065952737245,5497.601415293585,28.0,3022.0,648.0
Belarus,BLR,2012,62.37761687426964,19223.68327828695,760.7922632475189,0.0,812.8592898391613,900.9824172680272,370.0086537459833,347.50122423175054,537.0511417458409,1371.5221945889698,17.157754801947895,1236.2169428909508,263.50962941171787,2899.157905765925,0.0,12.733797600840347,913.4438404061764,49.57898523751845,2819.742428722409,0.0,360.5025547970274,391.4745890556018,25.94216364088325,0.0,76746.96038156815,478.7624354208317,2303.89626382882,2742.229862729386,4718.340124787259,24.0,3081.0,616.0
Chad,TCD,2007,4355.030766559845,4284.497148712525,392.4560684374094,7343.090135633074,561.7724542636424,870.0579941930913,6036.851804778948,8.058128214766633,7281.46961909324,1991.9254922107093,2541.102789059342,18597.059745826016,12866.079001323227,64.44027909090248,29.0,29087.46985535625,110.44091284905294,3717.818029904054,758.7066708186361,377.99999999999926,1272.9955345661006,303.2529436022237,3626.75142824462,136.0,10543.217435983674,1360.8489398497366,2225.3798861614564,2146.0930127622914,3926.03782031797,727.0,520.0,153.0
Chad,TCD,2008,4398.2536165826905,4437.311879425778,398.907733350325,7663.57416418517,557.2061614261595,763.8686014613029,5313.374569458819,8.412369258978599,7243.088515198132,2039.739703508168,2615.2350100364265,18664.135463753963,13232.824463525229,66.50149042110114,0.0,29380.02975669686,112.42183037625362,3573.044202771496,778.6079069574622,1057.3470749999997,1313.8353467274803,308.5427576302794,3483.24050640785,172.0,10823.011882976993,1398.4463538458206,2273.928553306684,2196.375561133236,4013.830430707788,672.0,532.0,159.0
Chad,TCD,2009,4364.3945042330415,4596.037920878069,407.16718558742207,7952.271150344539,566.5420670352536,789.0333697390505,4586.015183463655,8.757486539172493,7189.070234606782,2081.671031626293,2648.9675357553265,18735.41092862346,13668.78477700416,68.63236347537635,5.999999999999993,29743.634456032167,114.10523948709208,3447.42895383521,796.4865425553533,137.6657749999999,1355.29569534691,313.78138150058936,3359.170837053665,0.0,11109.60457536907,1439.15356807305,2323.593606596422,2243.312455328622,4097.917988472042,619.0,543.0,164.0
Chad,TCD,2015,4450.862863245044,5529.553308253921,444.7116941562355,6415.724047937981,602.3587092418755,991.9806197695132,4788.3207303679865,11.61648826352942,7042.675009053438,2356.9611212865534,3011.36362276554,19108.594714147337,15804.511089038402,79.6254060160349,0.0,30484.92660509699,125.5194998877498,2796.0300965114507,878.9476233205129,543.1700780000002,1549.7154376675776,339.71041317646853,2714.4858998215764,306.0,12637.545577153029,1646.4872047561164,2552.467200790331,2616.399215624853,4707.91265043448,452.0,628.0,189.0
China,CHN,2008,8383.89858868474,2168067.3983637867,11363.1746667087,14.675979615013128,73623.72259495693,21774.62981427094,16309.792396506744,10288.495453888236,61286.26768800344,327299.2194152719,4533.553767601316,187558.99828570927,93539.13374567057,21408.39685947875,88420.66570694982,10058.202124065889,4675.741875695752,10622.768722229075,154709.5620426491,113.99999710900003,125045.29992642096,28939.33394658169,7906.119943145935,39.0,3523449.513705253,146413.05446771192,1149015.739634083,167954.7743966706,292927.5038316869,4757.0,197380.0,54828.0
China,CHN,2009,8394.2758173614,2214786.938312615,11346.046584350295,9.349971257709395,72888.23029712141,20659.05723550244,16364.15697579204,9981.104828321022,56959.20312914474,329236.6511845143,4206.602874775406,186989.7398286624,87452.65348810611,21192.17225525745,611.4255624299985,8901.077349110596,4447.46503858887,10874.230420132712,150571.7005720848,391.9999711500001,128146.86257565308,30105.300424978654,8097.976528638949,186.0,3669963.960813655,152838.03851211196,1145608.2619192216,164921.08142345474,288755.8393040812,4509.0,208139.0,57485.0
China,CHN,2010,8340.653733615032,2265802.133832475,11361.600756329644,12.283458937412831,70954.53918864376,18925.79503740988,16722.120684249672,9838.494894891332,53311.91185939317,327544.7410618548,3761.6985736922,186498.95284899985,79732.7090773133,21077.470355666137,7175.482675927999,7890.740621430333,4453.576925105959,11292.536906681156,146044.4947548333,18.99999812999997,132114.06975856982,30837.582023452465,8425.123771540908,7.0,3831635.51363578,160396.48818974578,1139699.7973913795,162118.51003741336,285662.91832757567,4334.0,218436.0,60241.0
China,CHN,2011,8192.898275356827,2296327.6774190823,11152.275068685032,10.882754920434373,66695.80910069415,17477.162563384674,17075.418444266525,9566.641963728202,50512.94107686019,315824.2876292347,3349.9851384784247,184317.351334118,75900.56968821693,20738.247610062936,843.9782307299997,7197.819124205646,4400.076363633806,11738.822016791122,139060.93494604,66.8804082,134979.73790753813,30883.47878427474,8808.64957719449,19.0,3937800.911594911,165833.30242073085,1115828.1205054063,158710.4046854444,281833.90643100534,4212.0,225852.0,61781.0
China,CHN,2012,8056.679862658301,2318470.756370537,10933.895150894175,0.1985554472085358,65109.98291474805,16177.18424571274,16454.61744628405,9170.486192408243,48259.56709408659,300970.1745800118,3014.6658603484666,181048.39609755736,74505.32633831368,20458.380104426906,871.3407493860004,6779.024591953282,4441.424187977086,12120.449826842752,131640.98310365563,54.51534554099999,137072.93425156863,30494.12648883585,9145.289707092812,27.0,3973790.325791758,169494.33628989352,1083590.0121818644,155219.14193761765,277791.16125411674,4158.0,232656.0,62640.0
China,CHN,2013,7970.653675555243,2337453.0811024928,10850.53390122534,0.0917551938241976,63152.05867724501,15133.794757004023,17728.366229734285,8989.481029338915,46072.04561585988,288937.4025937531,2761.003228542333,178099.513275144,68957.63798621777,20181.301213340048,1401.9773043649998,6451.651917650375,4616.176804553488,12747.513542250508,126196.0145256921,212.70130899000003,140303.1896753666,30262.94311720386,9690.473981184989,60.0,4049045.461454207,173650.37739522423,1058373.7552237215,151717.79386311266,273718.23153512063,4160.0,239240.0,63853.0
China,CHN,2014,7740.14075766221,2378155.3307739743,10766.063990158988,0.0151242487519086,62733.14246130753,14193.840662130124,21784.010796280985,8980.05559967336,43437.77205413121,279948.5576826016,2339.843772450488,175784.72410824848,63240.5997758591,20068.97478170291,1683.6194542599994,6130.755971171734,4581.917429523103,13528.107884111796,123005.82909269189,424.6712770309998,145136.49932031747,29957.03756659796,10364.506000583377,322.0,4120839.05068914,177088.66854671313,1042131.9687508406,149652.79101182698,271449.17589895194,4143.0,249056.0,65555.0
China,CHN,2015,7552.971631711804,2414867.751034164,10737.557456121876,0.0032200381661795,61488.6784463792,13512.01957070145,26060.43037903408,8871.961251751061,41986.870369325065,268987.34096584,2341.064240449484,175522.5809167297,66013.33217226906,19893.44774778059,551.3691467289998,6078.387042413207,4720.096248894848,14487.041083138723,120452.5153074602,210.9306186620597,149030.05619352224,29322.99848744898,11175.68875256302,123.0,4180060.235522279,179637.83879123477,1029417.7460937918,148056.3960067304,270036.4239657762,4171.0,259217.0,66761.0
China,CHN,2016,7550.382708247813,2477717.8711463003,10788.98197269441,0.0,61049.35521918395,13076.2554049076,29402.39721785555,8964.321760890569,42073.14482411021,262951.2109249826,2510.147846072103,179477.48846578415,66903.63664254491,19803.1910192106,1340.030850740001,6243.086173005175,5071.5416634028015,15827.353320053471,121044.53937445236,19.98240563100001,155699.95288087273,29050.80305730104,12261.58393962342,13.0,4292980.851240908,184527.5494751589,1039047.4196054692,148104.29742301503,271647.89277953154,4234.0,275481.0,69364.0
Egypt,EGY,2008,1137.598519156467,42134.7673751739,1378.0587334135942,0.0,1024.9850887877435,502.922205678296,92.88582903211702,46.61502995075787,1086.740910988922,25928.944348552577,956.911779277766,26708.10473815361,16142.003836648606,116.8943740081239,98.00000000000009,13224.432964086409,49.39374372170424,885.7542368967682,2381.1700614012448,16.000000000000007,13100.344992526356,175.14940596123833,735.6010167718393,0.0,207451.4411944212,15534.811241606849,18612.2801793578,48127.198117630775,53613.72762731105,1689.0,5212.0,1732.0
Egypt,EGY,2009,1137.1189876928488,44865.97349566371,1415.3128057445713,0.0,1050.865521308083,534.8189531508424,92.87591306979358,49.96600891241324,1053.803218718937,26837.40609386339,995.7480579982542,26663.778368287545,15120.750619259632,120.99278682024804,2.000000000000001,13110.831979282695,48.72102443087612,888.652528282384,2484.2854460791123,9.99999999999999,13950.57921768309,179.69766345550812,734.1974651384577,1.0,214373.56825546364,16198.616592680106,19087.5757820123,49630.34466211521,55290.12771392114,1657.0,5340.0,1796.0
Egypt,EGY,2010,1111.0418326795098,46171.244293986325,1447.1056442496326,0.0,1069.8066399511624,534.9473532323686,95.26262347350334,53.42994643659849,1038.6763982364805,27408.54028109517,1017.46692488521,25863.831349046868,13362.64002637458,124.57801065371208,61.99999999999988,12787.737094363132,47.977218922637086,873.5336147956949,2593.3262492283448,38.98447300000003,14715.103193485813,182.91252059411497,717.5800055868173,0.0,219382.2856079288,16805.848694779812,19408.72270068285,50816.03268464736,56588.029319403424,1605.0,5464.0,1847.0
Egypt,EGY,2011,1115.4440113491526,47359.72568767982,1462.1237268977395,0.0,1093.3817823096988,561.9311752024138,101.38705893619198,57.85570732521987,1028.7328844398116,28204.788468606606,954.783695277724,25785.70210261445,11488.853101122491,128.6915808470985,2.000000000000001,12762.9772739769,47.72758707526457,870.7740539036109,2671.9418471648787,116.41619000000011,15182.870311147692,186.19817925291537,712.818602017201,28.0,221812.2015456392,17194.666519704635,19684.90867440421,51945.111309339576,57827.88691944121,1568.0,5607.0,1898.0
Egypt,EGY,2014,924.5348210982844,50182.55302556176,1474.1998128613625,0.0,1051.2060121606437,592.6127322693078,98.09484597957764,63.44776298091008,1144.7372029097894,28405.060482317007,862.9684946297085,23910.25029406921,6873.348062879611,135.11030914517136,4.999999999999998,11977.262003620464,48.57065399401191,842.3037259564398,2839.818890062037,292.82176,16886.203868443867,182.8306027807381,677.4227089018269,343.0,236287.62320521547,18893.032713644723,20848.809393425498,55220.74614516268,61426.98585024576,1443.0,5999.0,2053.0
Egypt,EGY,2015,924.8036693738648,52884.56450494748,1496.7021212949182,0.0,1045.180414892519,537.1248979301495,83.69727801857589,67.92710924975435,1081.011348290446,29192.623575206035,870.0639669385451,24919.50745671277,7174.606968495705,139.25779265701698,41.000000000000064,11666.25832308094,157.39745701466603,875.0259392168821,2921.3714391579874,1124.9345600000015,18390.43743884295,184.5464700258152,698.9273501179257,829.0,251445.0630044585,20275.536292338293,21783.771595655497,57800.97264899904,64205.47343792283,1454.0,6190.0,2214.0
Egypt,EGY,2016,851.5420533791856,54414.04072055308,1488.1762892713882,0.0,1006.101664002044,529.5960370091225,70.29116521541762,71.39843682014306,1026.9003315306331,29057.5441692413,817.912625135324,23334.6718340816,6305.752601521137,142.03277879976784,53.99999999999998,10558.01720245962,45.442854440643096,857.7249840406871,2950.5005441423464,483.5792400000002,19193.631802300577,180.54604911229995,678.2762660315302,609.0,255661.57039326977,20917.853061649646,22094.04567921732,59304.869572144125,65757.95752117167,1427.0,6343.0,2296.0
Ethiopia,ETH,2007,19556.805728524723,29862.20328002885,2280.786824280085,22458.593583709688,2697.4583936837244,6418.220417905593,68886.98596350737,138.56048932742613,51420.12015075164,9750.326770663862,12063.979824967648,70412.31174110225,100280.68302019166,542.1604731916625,22.000030000000013,70062.7148837379,800.2069079499435,21945.744314675485,5468.311903118895,720.9948394000003,10016.01335136803,3171.535025896216,21268.90491826794,204.0,61367.35000702069,8059.5835879269725,12838.44372248317,17750.228848785173,27935.89584291089,2176.0,3499.0,803.0
Ethiopia,ETH,2008,18901.47234896923,30070.62498721112,2271.0409754329085,17410.36686099915,2581.690396216892,6610.764708524854,60273.3288021583,145.99060120472402,48038.935674313216,9587.826479440972,11363.947058477695,67720.31751949826,99632.9302705831,544.1865373348412,44.99996309999996,67239.25155330652,798.8878473023441,19886.13012753252,5418.695549556256,52.24622433,10024.165739863352,3106.7161192298945,19282.15012505369,27.0,61415.8149826485,8058.093247719536,12639.466513455318,17757.69718778369,27950.500320177296,2066.0,3690.0,820.0
Ethiopia,ETH,2009,17878.586794056868,30352.40568621948,2244.1764008922823,21828.40733433947,2448.649580310461,6456.08226555109,53141.6654887362,162.80799720657234,44484.70291211365,9407.81040246061,10691.94751308188,64072.77659464635,98216.91408326554,553.3917912744308,0.0,64466.95499119997,791.6379627830999,17794.596235959874,5407.843905360268,1287.1620733600002,10114.778536668822,3011.234729182881,17252.36404236092,13.0,61526.08531602356,8156.871970528264,12480.603669002385,17855.783424916644,28087.428434651338,1949.0,3896.0,843.0
India,IND,2007,62223.59056476976,601219.1454687361,24466.97929070574,68052.8685436231,67595.38634919678,44086.68510048694,163269.94279545845,6091.710541951849,490849.6615125701,190881.2203363829,69323.4267546067,525259.2892326827,692363.1988729112,18619.16247805532,2050.9997099999973,849219.3354714223,10810.934828586389,67671.46519509218,195456.4888734836,2268.999749179198,171589.11442504858,5555.506634138306,47214.01978168624,626.0,1812604.6541702785,163299.16813045097,875893.879218816,230556.25829210857,415019.16689034,61028.0,53407.0,26269.0
India,IND,2008,60842.55398709084,625818.0321403636,24770.85756779484,62027.635308091485,67494.41022822246,44464.41570824663,155230.94645042118,6119.648836784313,492343.0893785491,199984.80424689013,66685.41882036079,521542.4057825033,679051.7606981552,19487.26797680499,1738.0003067299997,845116.1126717418,10714.061978123547,63747.28068742414,194152.27980898967,2579.999832756004,179625.69801162748,5572.972792127283,43721.16580733157,824.0,1897231.7965191083,168171.13584631722,913387.0115896245,238389.6286174456,424443.581002229,60371.0,56488.0,27779.0
India,IND,2009,58448.71537293621,634221.9089392257,24568.29002122588,58617.07849257804,65811.03787670721,43076.5282625599,142325.0406402536,6216.399051229952,474490.2658504788,202133.01961466897,63708.08165980451,500924.47927930567,663701.089567682,19472.52016894428,1773.0003453300003,802659.3385015845,10731.50571632568,58734.0384119134,190547.18772451644,2319.000035038996,177063.9654356893,5323.493075689357,39886.74699056579,774.0,1898640.1602610447,165220.6856849536,890410.686074356,236152.0042164228,415534.2304154374,57677.0,59418.0,27243.0
India,IND,2012,53433.43361255615,707505.1474984352,24863.611400640177,42685.73113494074,66282.05257587336,39520.33743518399,101376.9786998134,6022.684949207224,461591.8912500061,218869.3594224382,55025.56074514675,480047.8724371704,614052.3122758908,20470.99936801984,334.99999656999944,761000.7112343503,11671.608120768597,51001.03590512886,198141.5924535833,1073.9901032160003,207229.3732094793,4771.728161961657,32879.4880530853,264.0,2119846.925491868,178138.6857606153,958035.7544518212,247919.73637717767,422871.1280122108,53069.0,75330.0,30619.0
India,IND,2013,52065.0584745653,739344.6561660876,24815.315700530664,32921.20368967421,63121.59272197856,39234.2003650236,91805.1102426892,6495.098969272327,466721.9594879892,213634.95357634727,53087.98404953304,485209.4909345993,604278.9680092516,20511.08126509875,6562.005701120006,738242.7602153472,12197.117347521022,47069.55279324256,192866.77042636668,623.9727909100006,218826.64889510625,4617.469689337208,29695.55571962753,467.0,2200623.3439064454,185457.2665115108,1013920.7427750567,246916.0220988197,425083.45305006497,47702.0,84796.0,34226.0
India,IND,2015,45024.54667740666,801612.760567716,24093.92404998329,50604.82044258946,56352.21955566916,38836.86943192109,66791.57406131177,6986.19763718671,445844.79370213655,201060.39497272685,44105.18014333745,463047.69391551806,559843.202016025,20752.583941796656,1151.9998659029989,674059.4300614545,13571.340635270628,37960.51078229008,180206.1542527881,723.7145898759998,235067.32399641897,4297.938049506661,22447.96332016588,387.0,2289078.9617666886,195704.3274525269,1065411.7491767774,247929.9870093308,427616.3611166681,38167.0,98764.0,37450.0
Indonesia,IDN,2007,10001.248824019114,164406.16129042354,1671.1871772023144,2375.9232902514177,7087.246337456413,2669.455425185868,2791.104075753148,467.492441843432,109058.16499332132,43360.90880341308,11225.283081946858,54227.27829680394,72360.96579412,577.7646880216312,694.0000218000005,79695.23566956838,123.62960111504688,17906.083882421703,7724.5077728511615,36.520969000000015,63070.82615950944,896.0481187075125,16285.258552330684,0.0,484163.2044147164,34407.340476502366,93116.88757355193,79591.6731351609,112629.1933445142,7401.0,17364.0,5285.0
Indonesia,IDN,2008,9608.207960981696,168946.47222676367,1636.0483327706977,2261.2109645717696,7051.021096631316,2599.670420152334,2881.6247475088608,474.4717689936469,106903.86489767589,41949.80698599124,10616.58211694878,53221.01279712808,70045.96607705487,585.5538016028385,132.00000090000003,77723.47658341272,125.65728007428892,18472.24719690312,7704.286643852005,7.000000000000002,67098.07664991498,939.9209712749848,16862.25917177099,0.0,500374.0693943871,35224.9040488988,93639.9030994068,80826.41589961188,113979.19894966876,6703.0,17867.0,5476.0
Indonesia,IDN,2009,9183.469525852475,173531.66271168136,1631.593670257491,3012.1323287298187,6945.81539465061,2539.954056871786,3094.910016071833,479.2926079386789,104609.45279792033,40737.36226698473,10074.76887055481,51749.73053436485,67620.12738140892,593.3669987315546,1497.000023400002,75604.81418918014,125.97368112521424,18939.65128871728,7690.822435442062,52.723778270000025,70947.00476277653,968.5978362220146,17354.85770332115,15.0,514805.6806622598,35996.831552644755,94418.968785225,81958.79944519338,115272.16795719284,6235.0,18357.0,5649.0
Indonesia,IDN,2013,7915.3388359273695,193469.4746205173,1544.1294868661723,1479.957462061183,6101.570396206871,2366.694853175643,4851.606940079892,517.1257727640955,89584.20077052405,37776.7669845866,7633.746547219129,47308.87749569229,54739.238439467816,611.0411677232069,172.99999414000015,66978.27021328552,127.16800010150682,20669.13579005205,7473.525870832681,43.00000183000004,87432.14312131614,985.0279339548176,19086.859972861334,23.0,573038.7793223944,37624.29794081324,95673.84100406784,84230.26637650271,119354.15558712474,5799.0,20365.0,6392.0
Indonesia,IDN,2015,6945.867610280656,202961.7145698231,1528.869825002704,979.1033264618212,5630.279880438948,2311.226668512205,5316.471460775098,541.8101755433313,83909.03472969873,36868.3162275933,6519.541227680923,46032.18307898383,48418.66266599881,616.8742740568184,53.99999467000005,64577.844797887046,135.84114810446331,21526.07118763156,7409.822534323895,33.674498230000054,95842.81052217084,975.1234402007578,19855.383038729648,22.0,603096.0855950706,38126.12711583724,96558.80663449407,83200.56729779381,119335.14650372411,5912.0,21485.0,6737.0
Indonesia,IDN,2016,6468.830098675729,209282.3258403309,1482.7062223769692,1076.5888681574943,5393.140942847215,2296.1976915174155,5339.823530969656,548.974904735825,82532.6323218625,36865.60857781474,6131.631691819308,45232.39055686837,45203.17996264104,625.6587246481138,270.00000240000014,63106.27708792777,134.76960152833095,21104.125342974425,7454.383388115759,40.999999999999964,99124.77854355444,963.9522530596872,19427.6595600102,22.0,614601.7275665711,39406.24420872484,97605.14527687576,84433.68408100872,120717.25236423717,5825.0,22082.0,6970.0
Iran,IRN,2007,908.8232066721246,41217.80976575572,2670.817278725513,19.81420868907181,1675.1983512529655,2159.247421356736,436.0750032590368,3664.067886520432,815.7277887439766,29818.71543264419,377.4389450505576,9943.38699890247,21408.040061070187,204.73142009398808,23.99999999999998,1238.4315406973903,64.64141770360851,295.4278601284605,4771.868947991569,96.00000110000006,7257.324106478526,1292.7844149052908,265.99008457335174,24.0,135804.02358884254,8420.705945052026,12575.63514127517,5608.990655038734,8850.93912736244,458.0,7368.0,1750.0
Iran,IRN,2008,891.4721061235349,42917.55250326502,2539.8907984631014,12.828945587756044,1566.7833625806454,2288.7858632855573,471.55687461241575,3753.4959495125104,832.5839957460684,28965.178621459112,363.1927265864212,10018.338206373934,20720.207059417204,206.29956882085312,57.99996899999991,1204.2018696907223,66.30538502819651,297.41163075902784,4775.368037406866,143.02797491699982,7676.66833852193,1247.8946537822692,265.90750704510754,26.0,136647.24223142743,8665.98185907513,12816.825967366198,5675.21080235704,9021.127320304202,449.0,7847.0,1825.0
Iran,IRN,2009,873.7588681719371,44684.61990159778,2404.983236749911,2.6754211895300632,1464.3166442816917,2422.5666981694103,508.68809264790815,3713.110430289116,872.684555727786,27972.07656399621,354.5557453848276,10137.31365420545,20140.600176439508,207.9451463671816,0.0,1149.6225469949804,67.87248472229439,281.8211852437044,4752.581005169269,254.9999704800004,8152.086394412331,1194.629461834521,247.93762720664407,97.0,138683.0994358695,8905.19164238983,13146.659995781396,5692.381845674908,9141.048880583305,441.0,8405.0,1918.0
Iran,IRN,2010,863.0744392128305,46722.33048184968,2316.1771218432345,0.965271336037415,1397.7857428966652,2519.7395482638253,565.5760956634523,3688.632976180512,878.401432592342,27211.85164847396,359.4335713069608,10265.848409131106,19711.38932444392,212.0425342355861,20.0,1114.6427805089872,69.81433654676015,279.8821205688003,4815.792926708264,211.01380252899992,8670.723380752044,1151.7465808122572,242.66369266783897,115.0,140465.8358786151,9279.794653891197,13549.140853611,5751.354108995629,9325.922383488763,434.0,8959.0,2027.0
Iran,IRN,2011,848.9210910626217,48991.40091771186,2200.764689680682,0.8729608796749779,1306.6649562291568,2501.6077095590726,645.8765913926497,3550.7731462047022,863.3280668481594,26257.051588283164,352.9822186647948,10284.936746692303,19299.745417596827,215.6077886068093,2.0,1112.914598151156,71.42393250205347,268.5115889655606,4801.870134803971,224.177699739,9021.699362143088,1093.9394813840615,227.7849501306748,18.0,141549.49456565472,9603.502476843356,13881.11921131447,5876.633182896358,9593.821102492282,431.0,9493.0,2115.0
Iran,IRN,2012,847.6726551795207,51229.976721109706,2114.354958953815,0.2383922918106386,1251.1501423956352,2531.2004193790167,717.5974248590593,3377.2373701291376,882.7699898066496,25355.6687761936,341.7569893475022,10295.69984716652,18945.852835209207,219.6903727941,323.9461810000002,1096.4403752460198,73.45712786943723,260.7170859275384,4783.405598037257,29.09350780000004,9645.660605268831,1023.9008573018518,215.0837638581364,12.0,143509.2014455159,9746.979674926808,14236.023124007172,5947.108723009504,9821.593958212476,432.0,10043.0,2195.0
Iran,IRN,2013,847.4817979722504,53762.759248090784,2036.1949984419928,0.4770629255306011,1200.7344964651584,2557.670440921149,779.0613553982761,3135.2981439220007,918.1201879104242,24364.3552087446,328.5927172805083,10348.85298024944,18302.90405734072,223.7428445925528,68.99999999999989,1096.0888527335708,75.0921443786893,265.0133219843335,4771.1474407876585,28.834073199999988,10783.175116764509,964.3193173719508,211.0761582740504,39.0,147345.67278386568,10008.370273142911,14757.31760900968,5975.432104296951,10062.090649220328,437.0,10647.0,2319.0
Iran,IRN,2014,703.0530222785109,56475.2744135726,1939.835368684648,0.1163572621362985,1102.883705037131,2548.667133298812,834.8004778977808,3022.413890485605,930.937648380828,23049.29274328445,308.99429895175354,10259.34750389091,17134.893645132157,227.73435675354216,53.97830062000001,1075.5391599146135,74.11464983692888,260.99630219590887,4728.749388425848,29.00000007999997,11862.5879506808,886.300105690658,203.3526311454319,13.0,151443.2066226091,10416.048805886245,15216.913532972829,6068.613552794391,10311.369753659774,442.0,11233.0,2440.0
Iran,IRN,2015,673.6803548221671,59216.8062203611,1844.9040926079088,0.0453585439063564,1011.9324066221532,2529.788463396835,886.8746873347364,2903.7453534094825,923.6567513544726,21850.253346081783,277.66513540157763,10213.76330611338,15044.130664508544,232.4486769733037,63.427747699999934,1046.2600389472782,73.02864096758786,249.3294644079651,4675.7579376243775,76.59652956999982,12975.930276177,825.9946322882855,190.32124785182504,38.0,157398.12373232815,11052.077335776215,15706.094287150876,6187.564559607168,10560.156828459309,449.0,11844.0,2582.0
Iran,IRN,2016,627.591392103175,61078.98547352257,1787.4591338797168,0.0237919147850101,948.2189411301983,2460.7467871842723,945.3891700823652,2854.5271822706727,897.5454999604231,21157.970278912875,252.3881960413892,10056.747628569728,11639.182054293791,235.9999947161636,38.99999999999998,1011.2682764430442,75.96667109146853,243.4679264543156,4655.91330201619,210.09461419,13660.163602822631,794.6528106990895,183.52787570310983,12.0,161814.59569449018,11501.6411365136,15999.413577231251,6303.154669503263,10753.565344947185,447.0,12391.0,2674.0
Iraq,IRQ,2007,977.9091810778748,13553.078512088225,1092.811311863334,0.0,1117.5533160252232,3589.76527966816,58.31631587104435,424.13655814233385,1302.9765261090204,5471.135233639622,604.5235193262542,5297.174393877108,14509.502456292556,40.59366972345751,0.0,2011.9385103933705,32.96513050175782,281.8410461486625,1392.3685035295014,37738.69999999999,6063.253235855243,137.12173215294115,257.3321282006456,6667.0,56754.90427073489,5269.997666795003,2841.8633988252896,2136.4725496717047,3003.361836451857,196.0,2130.0,485.0
Iraq,IRQ,2008,934.0785092302078,14437.423631192962,1074.9341712769651,0.0,1084.915615107358,3792.735228868457,61.53910351082084,435.74907827863376,1259.023855881831,5451.192772004001,565.1014151121954,5000.699889051242,13940.16059037437,41.22780151760722,4.999999999999996,1986.3608210015293,33.40107784304105,262.2795223173273,1403.1999626967054,15122.299999999994,6301.1068193920855,134.16294607377174,238.0491383683776,2864.0,58826.81011074174,5433.281282258258,2924.425251871109,2228.7449111573887,3120.7308383924683,195.0,2194.0,506.0
Iraq,IRQ,2009,893.1176573531575,14879.195943105484,1069.6524061566297,0.0,1068.4924541751034,4110.173596862375,63.76355152428707,450.1102292973008,1235.2410027215628,5537.038456294667,548.2083199120291,4728.458866057645,13427.134775170383,42.75792765675527,2.0,1848.1324290623784,27.004709357372125,238.6247079058941,1515.3572183846818,8999.21000000001,6366.370256483876,133.47191107283265,217.2772844737824,2585.0,60270.08189199708,5581.335247150571,2891.815183979582,2290.545871636045,3192.6004232523564,180.0,2263.0,528.0
Iraq,IRQ,2010,850.7262623636386,15789.228885891896,1096.9218007884897,0.0,1064.2827104131266,4374.943003565732,68.22877575004087,470.2253742230482,1189.789653349084,5632.613786557525,534.0938558935428,4439.190965236147,12889.433042486951,44.19419252273247,0.0,1731.6790857514345,22.96211371642228,216.25459832732147,1626.1144569224623,7044.279999999999,6438.220866749304,133.16235319061198,197.1562454988301,2074.0,61447.67653748674,5732.61626631085,2858.8821978562946,2359.115506158548,3269.879075729577,166.0,2328.0,548.0
Iraq,IRQ,2011,810.1024990586085,16756.162362767776,1058.0037661267402,0.0,1032.534910581735,4584.64983419267,75.67213256691404,492.5153790380902,1139.3802367560372,5749.124809654954,517.02701205715,4172.095489742922,12326.436368020804,45.90559662919422,5.999999999999995,1542.8897667665235,20.102197502673818,195.0641024104632,1735.0622451533743,6837.309999999997,6572.058509911957,133.14787532411444,177.5860162275929,1870.0,62570.32137320131,5870.422882900844,2834.566518025874,2414.440092993319,3327.762429645544,154.0,2412.0,568.0
Iraq,IRQ,2012,699.9754101849214,17908.094784651134,1050.8848628153169,0.0,1014.887267891358,4817.787944557626,80.95685179762283,509.7517091449484,1088.7599201153998,5831.804133364473,492.0973305443673,3937.388298974626,11721.799053874987,47.203633772991374,4.999999999999997,1297.5461021568535,17.90160453670927,177.11171495355492,1841.4457723355413,8202.309999999996,6696.94167929004,131.975861404518,160.97353050142272,2686.0,63547.57530949102,5996.436119290394,2801.777239091151,2430.892807977004,3335.2237600692547,142.0,2493.0,589.0
Iraq,IRQ,2013,665.9736483234581,19164.02123140632,1034.8633863498458,0.0,987.2405624735228,4902.503002035937,83.57284302436904,525.2306675386054,1060.0210586289866,5867.296073802203,470.0861355360196,3764.98412748272,11092.98182653556,48.48072778886516,11.999999999999986,1087.4803059620374,16.137653781355603,161.61740816366745,1961.1957616262816,18796.299999999967,6865.33311677271,130.79665162032546,146.54487033011245,7041.0,64462.858954836,6183.791834471682,2779.5108631408216,2441.526955640843,3337.7911634995817,133.0,2579.0,616.0
Iraq,IRQ,2014,641.8279146138583,20122.70219018952,1018.9305276775592,0.0,993.587414081411,5014.040475683708,84.74090236979934,538.8351149574595,1067.2706392393077,5868.666983898265,456.9629049245082,3632.861255665142,10461.410527532293,49.87590223030274,0.0,948.7612964047604,15.484125359924032,149.29597172789963,1987.1636013493933,37208.99999999995,7174.185109939422,132.60825336905592,135.462073635263,13965.0,65671.60377161198,6430.016118741589,2803.381092681941,2436.23455934516,3320.2973154824635,127.0,2676.0,643.0
Iraq,IRQ,2015,612.7157815463424,20714.32397879296,1003.2046359321772,0.0,957.3287491110796,4985.360082425201,84.45647586431349,545.0841012905411,1058.9475012698888,5929.6703606684805,436.9267139051744,3496.595895630638,9731.63607938566,50.63639208714017,57.99999999999999,836.4204501430888,15.48486648871812,137.83678042551452,2015.2881886258224,29814.19999999998,7475.988761592412,130.7474843250568,124.03490967918852,8885.0,67627.10172524383,6618.530513307343,2847.4910907076755,2437.031853252396,3313.333646727844,124.0,2763.0,663.0
Iraq,IRQ,2016,585.0769192900625,21435.419018258173,1003.589306668356,0.0,926.0714710531206,5024.804515984752,83.38527276145145,552.4349926101214,1039.655531739924,5911.967885762868,419.72997098259935,3390.783756290204,9030.397871600167,51.88964022965942,0.0,752.3089624249812,92.421703336166,127.4802910912691,2031.6803392410568,31751.900000000005,7822.631087099605,129.8896750633538,113.72800231298451,12207.0,69310.70287027629,6824.495476846036,2904.524504153632,2458.993203858281,3331.4863365251945,120.0,2872.0,688.0
Jamaica,JAM,2007,25.218087976928864,3376.622049942,20.48238584808757,0.0,12.406400689192054,768.4457122278723,498.5050765067148,4.206690732383387,11.310681221336129,172.20871918716733,26.16402771981277,393.9751538680591,547.6655259872357,8.563564012482695,4.9999999999999964,35.22371039864519,1.3699376459565105,69.96272343437752,63.88271174476145,0.0,1914.8701130509307,3.646595529113384,63.96713314864768,0.0,4788.443633018475,705.0896738688234,607.0038787677945,154.7651163604709,429.12886989825626,1.0,635.0,124.0
Japan,JPN,2008,485.4902601695898,379319.59480983525,1807.39904969402,0.0,6878.343375643458,896.207086986004,205.28378340885249,454.0524826763786,4119.286297603511,8798.353886787778,61.96083936864144,94915.22639443424,843.9251332335256,681.518205522364,47.00000000000002,2669.1774333290755,1672.5698893050098,1415.8973897206306,32391.7750749252,0.0,7874.986291019066,458.83687721139086,1084.529367269001,0.0,308530.88894574554,35510.2870357529,42712.16678877354,25467.54944718792,50377.68819984607,158.0,102846.0,11711.0
Japan,JPN,2009,491.9997671255594,384510.8614911609,1772.8798772469631,0.0,7024.705720161723,851.423542636126,201.2345447262853,461.3514956430429,3953.8534284411016,8465.52622309182,67.1105451599714,96235.78876328318,791.0213742084842,679.3507947242439,89.3816607000001,2761.7487481168014,1711.2196870715798,1448.031371766567,32005.954680713203,0.0,7924.412799808599,451.6200759389058,1104.160459847375,0.0,310058.42152826866,36376.15046886995,43555.46048554796,25467.65639430091,51073.68261409148,143.0,110223.0,12128.0
Japan,JPN,2013,399.61128844982096,414556.2985812944,1888.9631263889544,0.0,7836.998382515102,724.2731085205144,209.3855263663401,465.2239216398768,3722.254235057223,7389.676804609657,51.6172051713932,105074.5361663953,650.5502233763617,674.7670104963178,103.34205660999996,3274.4333650443505,2053.2837131589035,1637.8179717725836,28632.09637291967,0.0,8190.042423097232,370.7955381023032,1223.7369546766738,0.0,332416.80093515856,40340.06587438105,48711.4084942929,25826.10990417304,55545.41776469635,109.0,135021.0,14484.0
Japan,JPN,2014,401.0715538284245,417642.8122148415,1637.6109833839553,0.0,7852.587432711825,740.8811049365818,186.03092401350293,466.54314798788494,3621.549016834077,7121.583159493855,44.548624358419154,105185.92711719516,618.0011104743501,672.1239599363837,320.56222070000035,3302.7754505885205,2010.079225508596,1652.6388003631448,27576.75321705704,0.0,8141.128710895322,350.1509423543205,1235.9331970995545,0.0,333175.4861462267,40534.15328625875,49375.53117394622,25595.45180319376,55957.3526884257,103.0,140066.0,14836.0
Japan,JPN,2015,400.9976610287921,420327.672272456,1589.0539042333592,0.0,7853.348505754561,717.7269495326499,196.90471805353488,460.2598866680554,3562.7197350568654,6897.992546984001,49.62860724439726,106524.2806438912,580.9361787961118,676.6598126866827,41.30959331,3352.3644230026457,2265.252763032039,1683.717317873615,26434.01988586464,0.4607081164000006,8116.240446703992,331.8121613010612,1257.2294022450844,0.0,336270.93164690904,40937.64279708302,50294.59039013625,25389.58922691109,56533.538269238416,101.0,146012.0,15145.0
Japan,JPN,2016,404.6781782127866,425630.4222057449,1573.268063026069,0.0,7939.046597891745,706.2414203431589,189.3415697903701,464.6785418551858,3594.5924184133773,6768.2697519430685,44.79405375718367,108179.53751762844,555.197110381206,676.2253357668691,106.68905899999989,3453.409892107157,2067.953844758405,1726.4698164541287,25559.3000140924,38.00000000000002,8213.767887187681,316.9914761242693,1292.7454248550232,19.0,342934.96554098703,41715.8309535654,51589.49771596746,25478.56029668392,57565.36464967808,99.0,151061.0,15570.0
Jordan,JOR,2014,68.3008503103777,3957.9146016164136,155.15161402090263,0.0,107.65203223359585,283.7650388663003,25.57058731242816,10.649150969434563,24.0167984339413,966.1044181593572,69.82242269704665,845.8017572129456,1521.7495992839388,11.57094390152957,0.0,60.5924454566192,2.725077125794557,12.414935994411213,185.50904375533327,1.0000000000000004,1458.5842730274082,48.89256003913167,10.756926874735264,1.0,8052.311320643952,1277.4885095340353,593.1271210762682,448.9653489423755,768.1953994290893,8.0,504.0,125.0
Jordan,JOR,2015,72.20318623871721,4233.67188870003,162.20558665291202,0.0,111.19257853890674,296.991286229848,26.741621264773684,11.632441597676376,23.912709574327565,1010.8651164097652,69.15714342318675,882.924028785833,1548.525191248107,12.398004597548582,1.0000000000000004,60.86572151877075,2.8370615504145644,13.176096642488922,197.330174121062,8.0,1521.217967600523,48.88476329210755,11.486660077281824,7.0,8599.934126373866,1375.1096846784562,629.7383793933566,479.0887029640497,822.139879858586,9.0,546.0,136.0
Kenya,KEN,2007,5116.327503484072,14604.135887424452,670.8896028488764,8480.049692072473,597.6884313388503,3551.138972038516,104535.78060081977,56.0311599072004,17149.357217326375,3872.578042053684,4065.74219023633,22494.34440542343,20712.66693013607,239.3165847911524,38.999999699999975,26414.4285615709,221.5798292378909,5409.373078014187,2487.201385780949,566.3504400117096,4191.609620765594,728.7677343095928,5241.20628860222,33.0,29093.18781966745,3152.246443909293,6037.260222366505,10091.343666995774,15543.995860489147,1330.0,1766.0,393.0
Kenya,KEN,2008,5113.16731106364,15286.691923034216,685.1232040293902,7374.438571607354,602.304012799607,4097.501476568835,95337.68198682238,58.62476163354928,17366.200129214965,3974.8744411148255,4056.917813847114,22451.230987316496,20641.82433170168,246.61522954981848,65.00000362000003,26306.19007361428,227.34893250098816,5217.883589133121,2516.436735282209,1875.694426669003,4300.005775993062,766.8116373530112,5056.143234854983,103.0,29923.69203888309,3250.079215696664,6195.3103998278175,10446.6603377594,16063.490096614243,1366.0,1812.0,405.0
Kenya,KEN,2009,5189.372036995124,16101.37703027708,757.9009967898484,5961.586663448378,622.4934581721426,3906.3144346469976,87458.71015930937,61.888272189449296,17572.61127013792,4059.353985696875,4087.2797915894416,22610.072792746512,20657.24930021105,254.0829463187927,35.9999961,26572.73295556257,234.0090239588802,5162.249725501898,2568.4571572508057,326.421895167,4431.862174704353,803.1445163037439,5003.939945303984,0.0,30792.2596629802,3366.8301146039607,6364.832415138312,10787.856391951096,16561.1255572434,1411.0,1863.0,418.0
Libya,LBY,2007,48.605548519873935,3369.9521112350235,119.8194934986568,0.0,97.61917248434996,115.52509687892456,55.52934891266293,113.15097823149355,61.260137996922175,1780.765178074985,36.49381377837725,626.9123371554274,804.440146111175,16.31739549822753,0.0,83.39337865251957,4.258704622013388,14.286747842069431,259.06809860786376,0.0,509.1307127464757,55.70096685643692,12.00982538854323,0.0,7981.708174034954,822.202810271207,742.3899900361195,511.913063340507,790.2944984961414,34.0,690.0,119.0
Libya,LBY,2008,48.531847693202366,3562.3052384090342,125.76036774805088,0.0,103.08935918955858,124.64197781913636,58.76429312959861,128.95007867544334,61.16357762949289,1911.3711535044329,40.16318020703993,654.5874644085999,742.5029345609879,17.16146162509257,0.0,78.46435996072316,4.361130413502859,14.61575758323207,286.8564958382358,39.99999999999998,547.1287863434873,59.08197613523998,12.197952022361074,0.0,8216.018339322523,875.8330862715368,777.9025906892023,527.8661910328975,814.1044798069537,34.0,724.0,130.0
Malaysia,MYS,2008,291.3271585739059,20346.03880358126,248.8358043460268,29.34179484886688,736.1667770579745,705.4360790560189,2000.8200857513768,84.59388976009139,2074.03777120264,6328.675868263577,268.03852014730523,11733.154903898238,1494.09599529321,144.67380212375872,6.999999999999982,988.0991179701052,12.53129030592084,178.78629844245904,1315.8466572511377,0.0,3020.319621184244,182.15886653998285,170.87261488987323,0.0,42075.76734222937,3900.315832628314,5864.746768689944,3341.931867545904,7179.105777032206,217.0,2253.0,576.0
Malaysia,MYS,2013,254.22482878397585,23241.683388168327,254.9687980969744,8.448326341181378,685.6469800114148,645.4050550767371,2610.76444489654,95.56877470353189,1808.5229903709392,6421.615698851097,231.031262400697,17305.204154452666,1280.8703396474632,147.62715612833006,4.999999999999997,1094.6193093792278,11.33503894820454,181.72841703347584,1372.914911183669,72.00000000000007,2515.6116764465423,173.8268828295792,175.10970486859603,2.0,44024.9796927225,4424.117497831502,5245.680698709081,3691.095533596602,7657.267157580381,177.0,2672.0,678.0
Malaysia,MYS,2014,267.7892692479096,24611.112076826743,266.6728357527932,6.615984940251441,722.6756502596189,633.4910248445267,2622.351949284176,102.09390251153148,1858.5416016334689,6668.124426843118,245.5465964372713,18555.76275849182,1485.0885559283292,153.2980878097032,19.000000000000004,1132.157299992755,11.790727626843925,190.7957222524782,1446.6964711669257,1.4136910000000014,2654.1847027090635,180.07360069744414,183.99982588703995,1.0,46358.78743552636,4691.081584408186,5518.495031754805,3883.059981971955,8014.628427407678,181.0,2808.0,728.0
Malaysia,MYS,2015,282.4252854072508,25721.565023236333,275.7056235111357,5.480687930286845,751.7597973800068,619.1436183181147,2515.6121659165447,107.51471896331438,1870.975000645692,6839.899876982253,249.4455432353684,19231.84740882762,1651.2016408345703,157.00345885746407,24.99999999999997,1168.7441657151496,12.096025649756609,200.0370461412912,1510.197674482329,2.844899999999996,2819.9008853275554,184.73046447084343,192.8429141160415,1.0,48228.09980824925,4894.6002458132725,5798.959809990667,4032.893344555264,8319.130285109371,185.0,2951.0,768.0
Malaysia,MYS,2016,279.4590238050051,27133.329763444395,285.445904542541,2.9037294466727395,752.7881898623284,612.4116297902223,2339.889037351843,115.59027975685711,1917.6776028025963,7074.771442562965,246.3065012638031,20106.88424059902,1432.5652644495412,162.1687211802734,0.0,1219.7061398030246,12.457586569401728,211.432698014943,1595.523887245634,5.999999999999995,3050.905261852881,191.05787884647864,203.8028409111111,6.0,51105.54385854962,5224.788101808983,6259.002221893989,4240.433567792995,8807.280858668253,190.0,3134.0,840.0
Nigeria,NGA,2007,57313.86028664154,55608.707464059975,4142.396006522533,267368.0659419647,3882.879779944169,10074.03978776668,100730.2724868172,161.471245210246,55797.470275672895,17720.14518333461,20349.40409870403,208401.0885614961,192017.745160298,961.179650451932,91.00004400000002,253568.4070998649,909.141123480196,9382.23568542496,6814.334690415079,628.1918640799995,18828.22283427637,3954.236082440028,8822.79968841749,82.0,133656.49523425574,16025.57430937482,22170.06172040834,35594.98094782382,61219.44404072246,3678.0,8602.0,2342.0
Nigeria,NGA,2008,56276.34843568339,57021.14517673275,3985.9456336669,280603.8443604288,3744.560179969025,10123.534811400526,95772.63284259944,164.61155865081008,52576.83629494404,17506.565287441776,19930.31958973625,202257.27506872592,194665.9142532253,965.6362112430032,0.0,246594.39599746905,892.2210518314021,8850.158094250593,6882.864241084823,913.4721295099996,19064.734815552714,3870.2153595956056,8301.094913801266,72.0,133743.86226324106,16136.241100248206,22244.43835507997,35955.12863451909,61813.11137870829,3501.0,8938.0,2447.0
Nigeria,NGA,2009,59348.61449752243,59144.53402995602,4003.60947191733,276715.4069982108,3733.143564734669,10223.096069881696,89798.7768073919,171.80039301902363,51184.18495021428,17658.36019740753,20001.013949946653,199249.8755176368,197097.4549915837,986.9786536344428,30.99999700000002,243668.71224801007,895.3939827306436,8662.845431067191,7121.861612901257,2667.6099264999984,19485.14349141866,3857.2756270365767,8109.91526501424,316.0,135318.28283237226,16430.428552027766,22529.08028713208,36699.16200281181,62992.10536918624,3400.0,9213.0,2533.0
Nigeria,NGA,2013,52141.16433704449,70387.38859136976,4041.598321656261,227310.02742613305,3457.596736123352,12036.77468716841,77538.94359554206,220.0996265869136,48787.38051774727,18609.894181003867,19685.349999838727,191077.05197863205,204573.40619723205,1122.9387884397763,18.999990000000004,215679.1500937669,910.480426297976,7541.930457577372,7613.1067205572,6260.282797900003,21834.958840154013,3808.77871548978,6984.264313218991,2014.0,146743.79440350438,17826.673923858172,23880.395100611742,39606.19672884776,68183.77095779155,3040.0,10472.0,2917.0
Nigeria,NGA,2016,49572.16208476269,75841.57287961192,4156.895755019522,186481.9821905616,3504.547106558779,13090.357368584671,77598.9897277648,245.58377810269587,50423.664458187486,19370.119907937504,18440.85713511117,191914.67596637388,202317.35808245256,1163.8279974125032,46.00001499999999,200793.76858634656,962.0161527956312,6883.913754943437,7624.197809889595,5063.960445039995,22963.97482915666,3833.6247969286223,6317.439710854117,2165.0,155265.99831586398,19143.73749313085,24038.371217305423,38873.73165799268,68093.97365749758,2761.0,11041.0,3053.0
Pakistan,PAK,2007,25319.01298266436,125500.14180640766,2423.5217628723376,3945.7881222378105,2996.610636070456,12804.475448182908,804.0288205856276,702.1447744855012,77007.47937017768,14761.721570165391,18097.30430457961,77098.3201496287,281495.3961583404,1596.1268592629574,910.9999976000004,94785.76432397672,369.6593046704639,12407.452316435889,13447.1243148167,2149.999776710001,30180.875140399712,2251.158859337219,7601.960803242287,1406.0,266757.57652057096,31500.859103881565,76092.57070171702,35523.23713948814,51479.34550507511,8548.0,7870.0,3095.0
Pakistan,PAK,2008,25163.746805268456,129672.95432822118,2548.6397226422296,3163.009191311995,3253.5377624930934,13418.041471391636,912.6234675903268,733.9633350154947,76178.98769764045,15445.643202369034,18158.77422185222,80080.70493143937,283619.9776676522,1632.3307164241378,248.99999169999973,98702.5889411528,391.1456148297369,13844.597300060916,13728.87530127185,4676.320760389997,31518.92435859292,2411.9629062277427,8699.102616292115,1184.0,271526.1995194982,32623.00309973162,76379.82458589299,36354.180212017454,52532.09370111155,8729.0,7994.0,3150.0
Pakistan,PAK,2009,25779.99039055703,133172.78573625482,2586.9909534430285,4945.407397812078,3324.5410789550024,13383.757624700753,1042.997263800337,762.2089903459203,74408.13692754094,15876.589670870497,18006.73259167026,80656.89229983395,283108.2142949818,1665.2124487635654,102.00000330000005,99408.25263271492,407.13830064151546,14369.00161229451,13938.447629294911,8105.246836390001,32859.11346413242,2484.295446733044,9201.215705365976,1487.0,275938.459855519,33558.93246231494,76535.61022211016,37067.56272906362,53402.79381400725,8790.0,8123.0,3209.0
Pakistan,PAK,2012,20010.928296913884,143873.36007372077,2569.223381940193,9846.729419830885,3346.847738063179,13926.083557527312,1774.7134416039512,821.5332323405978,71510.43795780068,16755.658572549288,17444.356278445754,77901.62202576092,279642.7239479884,1774.2969465242966,671.0000134999998,95625.16478530449,424.8191862302302,15032.719717864,14644.785212769726,6962.755697471912,36806.924348017164,2564.0373484715506,9514.20323116182,2784.0,292618.34302039485,36359.211530830304,78053.41251204506,38795.766015189845,55573.347443358514,8757.0,8665.0,3427.0
Pakistan,PAK,2014,20299.552386073512,154841.99027216787,2739.821835810575,3275.3426175900486,3580.575818877409,12314.928299273864,2417.801918881108,862.8320030229985,68942.84295614457,18002.05534401363,17559.463249695986,77899.11651638104,278712.3834655131,1896.8372398178185,270.9999063,90732.2780188758,567.7372240289897,16120.396081483106,15757.557077148287,6325.410930614566,40171.881471149216,2110.038679189029,10090.266132664956,2413.0,307223.1829384395,39007.578322167086,79506.21906857283,40482.169977149104,57615.24238477582,8963.0,9209.0,3642.0
Pakistan,PAK,2015,20247.14062565825,159325.2773967146,2770.596432153737,3921.875813096363,3679.714841569547,12515.826281314185,2758.392436471053,862.9041182004806,68585.56710292098,18340.511488482804,17279.76378877903,77244.73585641319,273242.1267677528,1942.825094494424,663.0001573000003,88656.19392583317,1663.4728190514002,16319.807639260442,16120.66077597829,5040.951634268709,41745.02816521688,2141.1544369189824,10121.33183990588,1608.0,313966.7707264996,40164.81746114887,80176.13758029412,40981.02059582967,58254.62528076795,9013.0,9488.0,3753.0
Pakistan,PAK,2016,20277.182046700804,164509.12654043784,2849.9028669043914,4119.541072747599,3706.835706046176,12871.92394811537,3072.2702837821184,865.5425036006812,68041.53005122661,18817.109177057955,17143.998709380285,76940.23057386368,270600.6278859929,1998.8832131286265,409.0000157999996,86393.0737662404,438.4117256234933,16907.52352475929,16601.23128011132,2450.1785454490027,43529.64495466606,2182.0482505080367,10409.94092658386,1113.0,320769.0256294574,41458.65555290254,80844.21284344861,41722.97144554058,59260.70510675945,9015.0,9821.0,3871.0
Palestine,PSE,2009,53.65567649797326,1829.91584684602,39.76084113062708,0.0,52.7198112280268,214.4424420578946,10.985213643107253,3.398553916811578,28.996280591271265,324.058150372835,36.84713321991028,459.29573695139305,1675.044542544019,4.366703482521599,0.0,53.19162828399422,1.5397828949704302,13.580851841491125,76.08764328136394,6130.32999999999,687.4842796579429,5.440870473353583,12.580250263534849,7.0,5152.994098157488,626.927667185802,391.2298498287155,270.7043902632417,401.3903775434047,7.0,232.0,62.0
Palestine,PSE,2010,51.19697441622756,1921.2230328168448,38.866030265730565,0.0,49.47035489378239,236.07945089281907,11.159432364586507,3.483224145489614,27.05569418651549,310.99048435346344,33.51725659530143,441.8252012318705,1594.7361756132275,4.463446773876828,0.0,52.43919501958713,1.5022534980232891,12.936081702362598,74.39613168440265,667.8300000000002,742.3604638699367,5.0574401032144864,11.996490576505249,0.0,5256.133337856933,649.5210870541033,396.8762358064264,283.2981997912806,417.4486224643461,7.0,242.0,64.0
Palestine,PSE,2011,42.15451573027787,2021.7303128054093,39.09548039844486,0.0,49.19440768427667,266.0753001978767,11.329986197319414,3.873889298728305,25.42863987289368,322.72592735358177,31.01354854351084,431.71989076570287,1502.3960789767389,4.667265791726233,0.0,49.95068430056052,1.4971804619174698,12.914251074259246,80.43879544895987,743.8300000000013,800.9206428213151,4.986063435570468,11.986638731377694,15.0,5341.595828309155,657.1627059725629,402.6785879296347,295.0527908535317,431.7791092975479,7.0,252.0,66.0
Palestine,PSE,2012,41.139345896624846,2083.4429999425893,41.387519234386666,0.0,54.84583429738447,316.3630901147644,11.565120597141624,4.444491084690248,24.0633843594216,362.5843777061479,29.71095882911992,428.65842847056336,1387.9665416300822,4.86807446907993,0.0,47.11416032490426,1.5306011609791197,12.507897564935766,92.31577564994927,1123.8300000000004,816.5414117319655,5.277648653444012,11.553354838058418,12.0,5219.672396021846,645.2177736671451,394.65054605526393,298.4434314685213,434.7319984213665,7.0,261.0,66.0
Palestine,PSE,2013,37.257334781136485,2185.3516191560434,42.90332331208542,0.0,57.85555149142566,368.9860956888339,11.84402032770064,5.122554181365376,23.954608271648425,392.2902967420416,27.60199786111232,435.3136406940159,1278.7574827139138,5.124088136579151,5.999999999999995,43.36039548078429,1.5720038459441736,12.315489921684524,103.983169521882,11.999999999999986,877.5144077468988,5.448350864769706,11.351134827527371,12.0,5277.513080141019,632.6450308344215,401.4533844919604,306.6961266025759,445.9278549254087,7.0,272.0,68.0
Palestine,PSE,2014,34.22619084493693,2345.435458863479,41.94211066981665,0.0,54.53509023577424,428.81412285545673,12.19416380096068,5.628158926573777,24.84266524237829,367.8975368007341,23.545166177693066,455.1780712382087,1186.4299446254415,5.518539762594489,0.0,40.58703071795822,1.6021110509691951,12.13388246622862,108.92563588485878,75.41741000000016,1007.23952955983,5.212310992057049,11.229990800693338,67.0,5647.309886206277,639.8804781250118,429.98443805900473,320.1286240867407,466.7074636184405,7.0,286.0,75.0
Palestine,PSE,2016,30.320505967667938,2575.192088315011,40.72990297489145,0.0,49.41527886026108,360.0146423369002,12.687871695655536,6.356431703558714,25.808909538966542,382.1337020480114,22.374594189699085,484.065820939474,1006.8905302546784,5.875345249046155,0.0,34.53314567969938,1.67073584288369,11.820704538764732,110.70833947800536,139.1134029999999,1171.2195929026163,5.118261020069527,10.948206478581604,90.0,6162.089673540489,616.9833876079723,453.3260678129501,333.3099091267788,487.839487373742,6.0,308.0,84.0
Saudi Arabia,SAU,2007,191.22759688884872,8115.562444431789,505.1568299453897,1.9612911110783733,593.3063150597355,238.2514499148625,442.024628284268,117.25677274346036,1691.9071243461945,14378.25634932818,289.11086102504044,3753.183178913232,3390.9754887069453,66.82024298079052,0.0,423.9637919308012,7.588406768713579,75.37280581300328,809.5903707892969,4.981550000000003,2175.05738308683,181.4426796505188,71.72597239777276,3.0,36025.874472692594,5035.943771909536,3107.361871777055,2924.3634473259585,3800.865299360356,55.0,1226.0,450.0
Saudi Arabia,SAU,2009,168.72658911023612,8662.690672200739,544.7106478390718,0.1842968218872185,643.9518448209521,286.3052832028879,486.65489847892593,114.5582877616397,1754.0309946101854,16051.440715926745,299.0728874509944,4035.702507887877,2769.7327378681707,71.20991650419414,161.00000000000003,383.676838827093,8.389189130020922,70.16302740458768,983.7330091424514,4.999999999999999,2176.443828509737,190.91218474507585,66.10878827189829,5.0,37703.39602429245,5381.277904134518,3184.117138220216,2921.7545409472764,3811.605557611798,53.0,1295.0,471.0
Saudi Arabia,SAU,2011,170.22304946815498,9213.430803710871,611.3236108346605,0.3076605166487643,704.6207285307029,345.2332162439304,536.7921292722154,93.63248937315376,1650.3580044470596,17697.936750091834,296.49269168739886,4178.42200072585,2258.8315695096494,71.42445482324129,11.000000000000018,356.1109784807276,9.949503752846477,68.12980771799609,1293.5382257450171,2.999999999999996,2208.1097746705686,212.2948983506735,63.769800539659045,3.0,38295.015859378254,5613.898242484415,3298.890545599624,2974.0465191053795,3871.5683411353134,57.0,1360.0,482.0
Saudi Arabia,SAU,2012,171.40815799174393,9503.721763395426,659.3276927542031,0.3388904562270763,718.0018507790323,368.2991735955695,561.2322775329939,95.1936547250058,1572.4125129636077,18338.33271650434,289.47416361025284,4191.960837812226,2042.4672350095648,73.29037628324218,19.000000000000007,350.97939471495283,10.430996542479026,66.64240223488684,1410.0282399784016,4.001673629999996,2215.040721880219,219.3260746695292,62.100746469928936,4.0,38504.15873561861,5644.580622470019,3312.086296066775,3031.130389774585,3942.191988314984,58.0,1393.0,487.0
Saudi Arabia,SAU,2013,172.2556078471303,9921.386053840204,645.2696750392591,0.1180964756207183,716.8479516337317,383.06425267165326,583.3039443421595,114.1238198963202,1524.9987387695423,18683.066908235887,284.7322415984771,4247.364427248436,1860.8974157875152,77.7378163040723,38.999999999999964,341.01524522517843,10.337920609592937,65.9706111507196,1464.0923908724587,1.0,2294.403288964662,223.79417420437773,61.42326410818225,1.0,39159.12744520238,5751.888328009027,3353.996036912434,3117.4918576440864,4044.976683677607,58.0,1434.0,495.0
Saudi Arabia,SAU,2014,172.76821325161055,10392.24339817438,674.3251750337301,0.187253882548477,720.1564410980586,400.7237484960036,603.641434029905,127.863457348117,1478.7045004880438,19183.47899327744,279.55837463020066,4310.056603609973,1700.2031434365467,81.91587109524738,0.0,337.31358585283647,10.381568555477282,65.58478570715486,1526.8251563322858,20.0,2392.9065916317195,228.41477949416293,60.99621455054285,20.0,39738.38178570161,5921.079161518246,3404.8121381765004,3210.098836471117,4158.909560707436,59.0,1480.0,505.0
Saudi Arabia,SAU,2015,171.16458989054286,10813.894794545742,701.7916162729531,0.3159507473428253,719.4706852833742,406.56510253350456,621.7437492193135,140.4894626128761,1426.5679230203953,19525.622987787665,271.2862751934404,4342.045825489954,1551.7759984346944,85.38761173843926,23.00000000000001,331.1729261222588,10.326027759006198,64.8381141594801,1573.5873062949397,322.6337599999999,2475.8306454239664,231.25999040663385,60.24752995902477,213.0,41019.21651339256,6051.806846843204,3431.2131388885145,3275.5566304579925,4233.492767513591,60.0,1507.0,509.0
Saudi Arabia,SAU,2016,173.62556726986384,11344.62045925696,680.3394784253239,1.0204882308424943,721.9056558626762,408.83467396018096,638.664853641541,154.9298883917143,1393.5094060943543,20009.39195312399,264.5663825761175,4421.857400898242,1427.3872590143385,89.84528066498166,23.99999999999997,329.70645147560333,10.399959117557502,65.10131135464414,1623.708160917034,275.4837750000001,2587.6911165781685,235.76957028812927,60.46056209084329,162.0,41765.143540578574,6249.766702383842,3490.9423136061555,3387.738041476521,4367.223930110337,62.0,1551.0,520.0
Somalia,SOM,2007,3835.4429535684194,5538.479925404489,469.0235605801601,2546.6260880347995,687.3354853933539,1628.7028406686295,4262.572930522375,12.424378966199184,16558.157626215852,2583.44926032131,2463.0708010112244,19035.905395854912,15916.915269647625,100.5173623017661,24.999999999999968,19342.48737695796,183.03054862094865,8263.04936387963,914.6591752901692,2300.8460290000025,1784.3479404350608,460.3955888916047,8104.233275171754,408.0,12482.955189043532,1280.9660313278312,2844.2694500060807,2767.9284485168537,4387.687084927298,1070.0,281.0,85.0
Somalia,SOM,2009,4310.912244182929,5976.675830948814,526.5489374197485,1075.1605207170144,788.321794201069,2409.377800389352,4147.7488852979695,13.984097081103336,17447.52983616777,2813.868003577985,2552.0347915529906,20664.913069189013,16738.585342718787,107.02774497806494,0.0,17754.139247271698,196.9614319596834,8763.967381300556,970.3171661306712,1918.7505099999964,1935.6115812044984,510.03007812494695,8608.367674219775,381.0,13485.838938994912,1405.773667611474,3069.567995659442,2915.6636017259166,4641.621181782899,1123.0,310.0,93.0
Somalia,SOM,2010,4444.591903211778,6145.774828543874,542.6633531070632,994.4220969132368,812.9202717053304,2317.9051907382327,4072.808952811728,14.680872509048124,17717.141217692697,2887.0444241512228,2570.5044254611003,21024.26070832208,16950.92860850847,109.4917042276708,11.000000000000018,17194.693851118638,201.34884786914125,18758.844909835,990.7582197553672,3202.432010000004,1997.3886267746348,524.5039215906328,18260.93633115872,295.0,13894.943819536027,1447.2489324484154,3156.7884880030792,2968.992120239445,4728.9590824475645,1124.0,325.0,98.0
Somalia,SOM,2011,4495.649973867858,6300.038083338266,549.1183450869196,1111.3909329123528,819.4325831059612,1926.5080057701207,3993.4599391056113,15.419319746109702,17973.275948775736,2942.320808510284,2603.10345107012,20991.319395596023,17203.230669743894,111.77938601920847,0.0,17407.698856753097,204.93798497792991,18562.835705541824,1014.674096886316,2608.653384,2054.688317346365,531.0561702164046,18082.831396649934,344.0,14302.961063108934,1485.4375810443962,3229.1875474743265,3015.5255844128665,4800.914133119744,1105.0,339.0,102.0
Somalia,SOM,2012,4547.038810995577,6466.483347577406,555.6278432453507,1728.056784109395,824.8802509639085,2159.0523748075902,3894.012520304618,16.18986027790887,18189.68104688183,3003.2363870139425,2626.99230196389,20936.141674919458,17504.52408935288,114.2167605097192,30.99999999999994,16189.746165611414,208.66796818996656,8368.459056539677,1040.4370728868869,3660.2437342100034,2114.871327517076,538.2974673202641,8219.080295697524,783.0,14738.958242149574,1523.778011486724,3306.7654781493984,3070.762383911495,4885.902644458428,1086.0,356.0,106.0
Somalia,SOM,2013,4389.541380825388,6657.308941067047,563.290883555353,2862.973955790459,831.8939754063217,1961.088359711773,3797.405634426258,17.103861590328087,18363.10968668381,3082.575921255563,2679.581425897729,20792.866298605728,17839.36756415722,117.234093002829,169.00000000000006,15901.437426770652,213.27875311069943,8179.357355851219,1075.2659632880934,2040.2792272000029,2181.363923968888,547.2449294249831,8031.338106184349,660.0,15174.260051019692,1569.0766582761305,3393.024958179507,3144.683875317023,5003.857559281596,1055.0,375.0,111.0
Somalia,SOM,2014,4402.829454261293,6860.021081792303,568.1162723486727,3733.819579038184,832.2811314456136,2048.696758637564,3714.493276574831,18.090328323220707,18479.671312227725,3159.809607772196,2741.01814665445,20502.834377445004,18188.22731510824,120.79500033305273,0.0,15507.350018211726,216.81998302356013,7952.949833927289,1113.484121674848,1779.2314484,2252.4911783299667,554.2259893473062,7805.961448511289,1589.0,15698.38414664639,1615.136249456931,3483.023167266621,3232.6490193138834,5137.787023500141,1024.0,395.0,116.0
Somalia,SOM,2015,4402.907773033494,7066.018349190362,569.5334134613614,3969.6669100452223,824.5519667632161,2135.9298084725497,3612.333855715852,19.131310523561577,18628.68998946148,3235.930904960878,2805.8240821591767,20151.115386472346,18532.25838203008,124.72237069660916,0.0,15350.410893199596,220.5438349633824,7657.987378296236,1155.2967437205318,1712.7301540000012,2327.6484874753246,559.2791153971962,7511.802341055079,1447.0,16256.10787040662,1664.3710914131675,3573.996566251324,3332.077567948312,5288.665771447852,987.0,417.0,121.0
Somalia,SOM,2016,4507.48096311909,7296.88982463846,584.7961209485467,3952.9492752328592,845.0263265955871,2288.371207120922,3491.9336402033023,20.19362784273973,18973.44887975808,3364.7831289153846,2875.3840956789386,20352.55634212765,18930.83924235559,128.8883145064516,9.000000000000002,16126.530537876924,228.34526636222827,7647.705493217184,1197.1182890570517,2586.2821400000003,2401.33549286212,575.1394281046207,7501.2742895807905,1583.0,16810.87918782959,1719.6959927464395,3679.8839225854967,3445.465163430768,5474.392651859619,956.0,439.0,126.0
South Sudan,SSD,2012,2635.0207614572446,3717.523637802065,239.8136445767821,4854.800736491994,287.6740695336299,1160.7781619286404,6271.380902282456,9.103243991584677,4735.715865796964,1033.7994338187923,750.9801584962242,10126.028343075206,11155.225992015245,48.91677249571607,47.0,8315.943822551224,79.85519908455842,3575.5167610910244,401.1532295545055,831.4194243099986,1006.9218739727642,192.35878793572243,3520.699661591548,68.0,6419.462722075469,852.0174388888468,1270.8785966918156,1585.9665754703258,2574.188385225762,251.0,410.0,87.0
South Sudan,SSD,2013,2674.5873815711,3781.973109698833,244.32324012791773,5073.545646643213,296.26766535416164,825.9083680372585,6177.954976663294,9.251549109349996,4784.555044534086,1046.330305951638,746.8417745604758,10142.195233950424,10865.168113241338,49.586576801843655,99.00000000000009,8342.292709011022,80.51094979347398,3460.870436017125,404.4442886411487,3515.036339,1021.234042693578,195.126091370334,3408.559974738071,226.0,6499.29440799477,867.6081030271683,1282.45599239869,1605.2000470355808,2603.8253948209936,247.0,414.0,87.0
South Sudan,SSD,2015,2389.8638666172656,3852.9792887104654,236.27508219263964,5171.383634732326,286.79593162702025,882.8234119818131,5503.51545592439,9.16521236151532,4758.59983583716,1010.7692149540336,695.8222620112091,9494.250062687115,9662.55305853732,50.2102841650527,0.0,7929.871400577515,77.77809370661053,3038.9795884170685,395.9463542246392,1832.9920434000007,1050.3069004708598,188.1224518752006,2992.053855583318,218.0,6666.462253867773,887.8106642778739,1294.9103837582911,1614.1442332189797,2607.3415668293487,222.0,423.0,90.0
South Sudan,SSD,2016,2240.267181526574,3858.868759323924,225.16775830773847,5031.586670376339,271.1565480741112,876.8874945722492,5045.4327972114015,8.97367064489984,4605.509600649466,969.7188218104376,655.9611714312626,8853.936129716669,8835.072947778743,50.10800115457228,0.0,7538.107163864016,74.26476841318387,2767.234190353758,386.80139173954143,1622.321366200001,1061.12813087561,178.76196474953412,2722.826075800043,633.0,6710.79669870788,886.1342101404812,1290.3027603729292,1610.9316596316307,2587.3580817512766,207.0,428.0,91.0
Sudan,SDN,2007,2407.379250729276,12279.717971673494,1502.0533083229905,2800.2353263128093,1988.2421177914207,1497.8977270001724,3901.7068352812894,223.31270624371828,1749.1017303642982,7064.72272599746,3179.7953094233058,11806.151065749826,31133.835981802327,82.40221172537439,150.0000000000003,19618.0417967266,71.34236296638171,2018.767662482628,1701.418160865821,1630.8131209999997,1800.631782951152,842.6916338878674,1920.559419250782,317.0,63515.47180276329,3643.180946473176,7365.444271566969,3900.243390692433,5983.776493064085,1662.0,2273.0,532.0
Sudan,SDN,2008,1508.4108017214005,12572.264738987318,1467.583930125302,2344.5226218964094,1923.6145593945869,1004.19753897653,3940.182510331536,233.49380417527124,1713.766030264092,7083.231211858066,3135.003896085812,11344.42402524032,30562.41747408468,83.83748194790086,0.0,18551.06661717476,71.47007098695056,1875.9205947279704,1739.9459931937763,1998.6871300000007,1855.0874352087656,823.4147520794558,1781.8132937033831,205.0,63903.81782622592,3693.714000135376,7324.272375509635,3924.1987471686666,6022.847915496272,1610.0,2319.0,541.0
Sudan,SDN,2009,1435.23987829502,12873.59175060822,1427.712350881758,2103.124223061641,1851.5715250052167,2831.160948174354,3953.352534664514,244.0346244132573,1664.320049858632,7085.07554504259,3075.765090392137,10855.131585529614,29990.310228058686,85.2766596371826,19.999999999999982,17303.49157303599,70.84520044499813,1725.1867777924867,1777.487954565579,2058.882769600001,1918.008141722628,798.5109793206632,1634.2559626558934,77.0,64399.07861972381,3755.4830789587822,7275.440766137068,3937.253615325292,6043.027509512727,1546.0,2365.0,551.0
Sudan,SDN,2010,1438.640376707447,13136.115336735493,1358.6688871388235,1918.541137071439,1726.3681897932695,1335.2456645102088,4110.247249214164,254.25044944229555,1575.1835625038095,7004.918264212865,3007.5808432914523,10198.21323161127,29375.195615323883,86.47527740188552,36.00000000000001,15681.108200393968,68.66853159723314,1551.566660199875,1804.2011086532425,1503.7496090000004,1984.703934612961,757.6147568365445,1463.9668904298771,81.0,64816.79671036959,3808.486794955947,7206.518105154877,3931.1206277985993,6025.941709128366,1475.0,2410.0,562.0
Sudan,SDN,2011,1262.60965111604,13430.647032365388,1299.5819559933814,1827.426965794848,1618.4703269757435,1638.5698670468123,4334.9763358433565,264.34763078083466,1478.2866066036725,6956.317503715212,2925.987826356289,9630.907845846226,28660.07600357878,87.4336817647244,20.0,13825.380044372348,66.47050751659401,1434.4503985454537,1815.4332673902124,3655.6875959999984,2051.331205762897,726.695858415731,1350.3949413594655,193.0,65279.04579715409,3847.945227209458,7141.802458179568,3915.002579132496,6018.191624395536,1408.0,2456.0,573.0
Sudan,SDN,2012,1235.675993134054,13785.8880586846,1277.9661884502298,1866.820945857021,1577.576844358796,709.821778025295,4535.173580852073,275.69408900428976,1423.196608934448,7015.696709846,2858.231945328368,9291.603301300547,27910.18303872665,88.63956440355348,34.99999999999998,12666.884288768388,65.75370883270719,1340.1245843320787,1833.5577191237,1885.7724178,2127.1682407868507,712.3006534113057,1256.977524347568,60.0,66096.09579126557,3918.347458447384,7125.375008161159,3914.797883428643,6039.618096407558,1363.0,2496.0,585.0
Sudan,SDN,2013,951.695630988371,14179.008263757958,1246.9676596612007,1944.6208383289504,1517.6286018536655,1976.57261806041,4703.596748771545,288.4329927086172,1382.2742131050304,7032.230477859945,2787.6370116955104,8765.965410209503,27048.375994918468,90.04648558224494,76.0,11566.019200938856,64.8576049724937,1240.0944408319572,1859.933541681872,1464.731663999998,2216.8192736339315,692.4774274027175,1158.673311754282,220.0,66745.14645299462,4025.1407168234455,7113.66772934106,3908.1478480053793,6051.020134830092,1319.0,2537.0,598.0
Sudan,SDN,2014,883.1972685316523,14698.381420215894,1259.5304098464037,2152.572985838711,1536.1414270050816,1612.1448049464168,4851.690659022818,301.7612405197809,1370.2796964388974,7164.89283592292,2722.4407883124068,8663.734287087349,26330.08163952136,91.46117276085349,38.999999999999964,11031.664079910546,65.42481075669123,1201.5627873191431,1885.5891476654629,1743.1942304999975,2325.159786452836,699.8969901479687,1119.6132569973918,546.0,67467.38520829396,4203.164962483321,7128.64599587818,3932.88129424083,6118.211807356136,1295.0,2577.0,610.0
Sudan,SDN,2015,823.1921960770841,15128.195355138903,1223.2461018372865,2274.5438183672886,1472.6640347426585,1559.34784866192,5004.513909635112,314.248470119274,1328.0840525211488,7147.526551101052,2651.576444614421,8253.6193128068,25413.230846053026,92.44061846502036,19.99999999999999,10070.545304484174,80.26934809191111,1121.8842178702694,1904.328390877511,2304.538738,2433.9319675799748,676.8544893166589,1042.3954757469146,210.0,68545.47977538728,4368.038430881841,7100.5182263292245,3921.605497338018,6124.797682167385,1240.0,2609.0,623.0
Sudan,SDN,2016,791.6092838945909,15575.28901589018,1196.032193175378,2553.10990222742,1420.7503546088856,860.3001106253452,5080.53399669138,330.6132221653173,1280.526757938408,7202.363488751772,2606.117572785492,7922.428284089991,24583.34026674968,94.37174524264206,170.99999999999983,9352.901178928225,63.33603030003634,1043.2431759756746,1938.8912937781204,2343.985506999997,2518.137076681845,660.0090966346468,964.47823630318,182.0,69696.79122066243,4455.580533534039,7107.5632254495495,3964.606047575901,6199.15134066334,1202.0,2656.0,641.0
Syria,SYR,2008,348.3079392843091,6991.440872170177,212.37382634917924,0.0,214.5587805396136,430.2894832085243,23.798921415670733,150.35399354030645,98.76775261828963,2252.5216855455487,116.20612618545628,2685.133883886324,2987.52306684064,65.6937420659306,0.0,206.4568454213275,25.610950782658787,129.08558614002985,399.8912937515868,192.6079999999997,1327.5143395260172,105.43245805060512,99.89275518767909,18.0,35611.34489022457,2065.8513724144805,2842.569781922254,1625.6832820518018,2118.010282633772,13.0,1110.0,308.0
Taiwan,TWN,2008,111.64871681633365,42772.78988177478,144.22938490657234,0.0,637.8212803805918,467.3838526054263,159.7779677151129,283.5966097793717,1013.7003170317264,4318.257242808075,21.073793829300868,8461.854031770616,448.20763734602,260.00285074285745,15.000000000000009,60.85904957133063,21.386860927207188,107.59453686328844,4741.52682193412,0.0,9208.598476771558,101.27367655995064,98.89052497835812,0.0,31649.381468839325,5381.632169913733,7301.402221030052,6794.564788030006,10365.673482249404,9.0,5232.0,1348.0
Taiwan,TWN,2013,96.736377903886,48768.99817375436,135.53758600930925,0.0,499.70240003469934,333.0334260847858,176.48960089956432,326.5987932203963,844.4058359717458,3783.089564673389,23.67735858682216,10631.025284231642,370.1108821931541,416.6606659057094,4.000000000000001,118.470408058277,23.96548988556197,106.64969061723488,4151.990520734933,0.0,8961.649842778294,74.01750725509294,96.50970649305825,0.0,34413.893271715475,6408.243963654961,8161.996017632846,6416.127123927019,10059.396173166648,10.0,6744.0,1638.0
Taiwan,TWN,2014,100.1992830609784,50915.89202138445,141.3067825827742,0.0,495.8661799227873,334.24969443968666,177.2107245822897,362.21836703615895,850.6848867620432,3797.644454046347,21.47205571766972,11383.85497505116,396.7256266735575,440.0735464479346,0.0,129.5162495972622,25.24899090486077,108.69585129842186,4184.096096913205,0.0,9350.006837391858,74.19344814342361,98.83449106516694,0.0,36171.16132121757,6823.67427717879,8585.975732062725,6556.921729373999,10355.260786614615,10.0,7122.0,1746.0
Taiwan,TWN,2016,100.8699806764282,53194.00308879544,143.07719147983127,0.0,494.44002009667065,295.99219806452584,209.11172481310783,421.9051276002108,846.1720015102046,3761.699520725655,26.571674244027857,12544.374651625816,410.8614580695498,457.8702020839976,115.00000000000011,143.4024259838094,26.48346488367012,114.4377033020342,4191.007921580804,0.0,9866.232419867196,71.91821485032398,104.39780957293932,0.0,38294.49023885594,7424.636050011267,9177.896662659285,6660.132651959246,10680.444040163557,10.0,7826.0,1882.0
Thailand,THA,2007,1231.257135665793,81637.10930929743,635.0037481285046,169.93043725650924,5472.823006305294,6018.687811528611,19395.074777539,400.5198200059413,8493.073893718067,20879.677755790763,518.8843656858961,15463.158967759931,3975.7030134294537,640.8535218327911,53.0,5131.5316967422605,38.61326081882988,757.9770816774569,7409.033032509034,781.995748000001,12112.61885195676,242.21257756489325,689.0682265492379,264.0,86179.49747538008,17031.626561713656,22047.43112715227,14607.133301221626,23855.0941027062,261.0,11384.0,2404.0
Thailand,THA,2008,1175.5923078622227,83758.00537426212,640.5819695312786,134.79580969414957,5390.700548221012,5661.734705801749,17638.462450750205,373.1401389734671,8319.662986830966,20628.94585106409,492.9375367059381,16553.626101154558,3726.006696251954,629.7672893695237,38.99999999999998,5145.383299503847,37.6914700343606,749.794314231509,7255.61943150676,495.9235000000006,12305.082512068844,231.53112433854287,684.5423025108903,166.0,86876.50207821465,17751.62209906671,21937.24330203024,15016.713309353108,24596.95678231824,259.0,11944.0,2519.0
Thailand,THA,2009,1124.808294099519,85439.52838065747,705.8178094469522,123.8465006407395,5290.175322302851,5265.537310552123,16590.399344827187,347.3809167273832,8111.709661826989,20110.282115175807,458.7054081871171,17524.013816619758,3338.776656591403,616.3637741254547,18.000000000000004,5127.890276960199,36.7020167508918,738.0884255467594,7038.978081804857,530.0000000000002,12369.875479486229,219.24092139486424,676.03841501672,270.0,86890.38690979757,18293.86140122349,21704.957565998466,15292.531074377315,25136.182245722368,257.0,12485.0,2605.0
United Arab Emirates,ARE,2014,48.94222532306707,3527.5180695319546,175.12203717382363,0.0,164.28691608038437,115.33107155853656,136.0820731457824,704.7132499650068,105.20147846005042,3543.144410240417,12.249169639809468,424.67170531136185,138.7105164020796,63.04540279592708,0.0,45.81004302211617,11.703509372853246,6.539506273003499,635.8672714569385,1.0000000000000009,790.6084855515212,39.68168689825061,2.997519139201472,1.0,5589.553935707405,967.2911630045544,1295.4280072684608,321.05847547191667,480.9785359149314,53.0,80.0,54.0
United States,USA,2007,1249.4721698096462,625939.8867186833,4300.968351528078,0.0,3864.1473610130447,19369.81339178356,12444.37756423788,28251.438536738333,953.0940482831544,46497.89239624693,1061.675019694071,69810.8977926587,15209.919729553596,10895.49858981024,240.15864050000013,9586.17444165068,1201.0974166444523,4237.707350237525,39352.00846981287,1031.3310059999988,73227.84333534395,1414.264417624937,3860.872018814998,0.0,836119.683813872,72851.53514538631,172341.48347965363,51574.57830123189,103119.58117501777,152.0,114585.0,23705.0
United States,USA,2008,1222.6181616492431,637145.7317398799,3927.317559515158,0.0,3818.903150894833,18716.25477386789,11399.96270679288,29263.229950239987,925.6236724855823,44535.34253789269,1102.9685559186405,69920.74164699414,14605.548962026696,11191.184364460078,231.19495669999947,10286.95199160536,1185.7698347105693,4279.99877319479,40356.68803188339,487.4348909999997,72592.28399172163,1434.7818247955902,3907.181104153077,2.0,833165.2135187002,76151.7712812981,177366.4408971642,53086.27667123825,105255.44625847334,144.0,117064.0,24369.0
United States,USA,2009,1186.332896236438,644330.8446514724,3752.969999682105,0.0,3752.839467918187,17944.323198496237,10550.531493306937,30481.83705218536,890.8499037239966,42561.34503020642,1080.4220824883328,68988.97184907329,13674.52597353305,11476.427692176589,125.26647155000002,10637.2988330719,1176.017970459458,4277.187886452035,41273.0321399533,502.0130378999992,71235.24257870075,1447.7932394480588,3924.3457065005614,18.0,823361.5150279785,78862.75962698561,179467.90687536143,54495.60749171386,106813.59728376562,137.0,118965.0,24760.0
United States,USA,2010,1141.3029410324343,648290.0289574658,3504.305138407226,0.0,3683.55938748945,17328.74794842153,9143.130157920015,31797.94957405604,867.5948162706104,40874.27653337873,990.6270965157124,68625.11138505113,12836.987941321142,11830.65847809772,176.91078989999994,10927.74166285037,1184.0855818374876,4366.719838339496,41719.35331982486,578.7769748400004,69915.00564606684,1443.1550140706152,4024.4722241706218,4.0,820215.296460361,82390.80995102933,182264.63909265093,55471.69059197923,108109.54095432971,129.0,121781.0,25309.0
United States,USA,2011,1126.446377141644,659515.8729965703,3713.756299753617,0.0,3669.4261782116128,17224.230273282134,8428.001561283605,34070.1007844033,861.8648888294507,40382.763031545706,1049.5556929245831,69966.59635488367,12601.756188715512,12226.641245099325,828.42261,11327.213569181877,1208.348307057287,4538.22111399291,42805.38372889995,489.2389231999996,68571.13506675482,1476.7511970611513,4192.103914309146,0.0,830800.2649460969,86463.90128065777,187462.7059875071,57597.82024237272,111120.3657874723,124.0,124656.0,26123.0
United States,USA,2012,1107.7336336943415,668318.3073290619,3415.935338673765,0.0,3646.571753545879,17577.097891270594,7972.621022292299,36283.86981578875,857.6219563239774,39984.64292726196,1089.976386964331,70572.77408821367,12455.369461305554,12635.201405055135,235.3086435400002,11466.479935182855,1206.1383834754358,4706.9426727021655,43394.58789367855,326.4686541799994,67740.94047789674,1485.1709921915112,4360.277069315138,7.0,837102.1333087438,89366.81650186748,191589.72764875696,59350.748170639934,113403.27027940354,121.0,127120.0,26781.0
United States,USA,2013,1106.3403635486952,678427.6500618649,3830.582196557138,0.0,3606.237549582061,16767.059966161316,7681.697149160381,39365.59977016361,870.5648732782255,39784.7711201776,1171.6752846984605,72196.40180506159,12376.31625408694,13088.731809556091,216.03775326,11552.728621921891,1230.5806041948124,4943.362709916327,44026.40570718391,169.54166618000008,67234.58999364405,1500.7980941884762,4601.203614517065,23.0,847343.8627456578,92801.55222692636,196458.9480019181,61199.33928426392,116057.89049405324,120.0,129640.0,27531.0
United States,USA,2014,1102.1580291073703,689157.1090359978,3798.1878270507696,0.0,3626.874407764205,16617.67841284951,7412.793155497198,43516.5677943839,879.4587786345483,40155.29114348759,1187.889244321728,73160.60277447732,12284.252070110915,13542.018245477471,235.37228273000025,11541.039011473356,1267.8861398242473,5267.997557770135,44950.36474091857,90.92888930000004,67582.63010494769,1540.482817135104,4917.886549707861,26.0,858442.9345549293,96182.11462839546,200484.216519024,63044.67422592692,118754.41616010356,120.0,131616.0,28193.0
United States,USA,2015,1115.442521888443,700940.8011171212,3822.178427209569,0.0,3726.7568329822298,18164.124483129355,7088.866408966507,49086.0936208181,899.5595277927796,41198.36943133926,1200.4641550255262,74765.93698066435,12234.847988064346,14005.392952203374,287.0571947400002,11624.760195874014,1303.976909800892,5661.071762296074,46209.21886058396,74.01764681000002,68860.11645431686,1591.2742599458954,5301.368611132357,54.0,876852.6024471739,99914.87163247004,205997.5189724136,64841.55916193564,121845.20460319932,120.0,134411.0,29081.0
United States,USA,2016,1130.763776254596,715196.6440821374,3899.413228298629,0.0,3845.8176946833546,19254.22396708237,7430.070357480481,56028.36426818484,927.2150865231744,42360.01838303088,1251.8662076904388,75384.6274285299,12034.72252686285,14347.467144890688,251.67444163000027,11572.095994479272,1369.5063849803491,5952.1723763788505,47550.31462946709,57.37145676049998,70534.18767616527,1642.3121805369713,5586.088206101765,68.0,892267.8098285354,102601.07264887322,209979.8529142764,66394.8042352862,124437.81755206612,120.0,136673.0,29748.0
Yemen,YEM,2007,706.077006052486,8248.817132505817,804.2820641336842,3643.2033381934207,917.2621679856534,593.3717624724355,251.51091252706576,132.82341495143555,953.0654114249896,9808.494679262822,1993.750579782301,8059.709035014623,26055.35138607119,54.42694822825516,99.00000000000004,13060.522895568814,36.68200884929072,1891.7001111439645,1091.2157944802857,23.99999999999997,1065.8506327593118,428.0158871400904,1816.290417593392,24.0,37775.63955452868,1776.0189110096603,4262.186035995141,2293.06845878018,3944.003761772396,713.0,1086.0,256.0
Yemen,YEM,2008,710.0599473844567,8662.904944951915,824.8092585620001,2387.099087780057,931.4438718346844,641.175820716925,257.53439389192977,145.4673185250451,949.4244833686168,10213.942124822912,2084.0195092074287,7980.559412162758,26039.0169916588,57.07362937059016,90.0000000000001,12387.672543363702,37.76656340822823,1796.9643199340146,1169.322583042773,94.80525000000004,1122.0353386074903,438.86343567867146,1721.5641619452626,74.0,39044.95464886613,1845.7539380367984,4371.733586212928,2367.431052046536,4064.570297991695,689.0,1136.0,269.0
Yemen,YEM,2009,698.0156423954425,8909.713784592306,812.355706767946,2858.67180771094,911.2505829942276,657.7984622130921,257.03361293671605,150.22467568193736,935.100055996589,10143.603703313296,2001.292404483665,7771.785350270707,25802.669330401004,57.803946703217775,11.00000000000002,11513.819219775944,37.8811543434996,1670.1846985168247,1174.5349597332429,141.00000000000017,1163.0454292896611,432.202637439744,1596.808544732473,47.0,39806.657050403126,1895.502327767108,4422.086585433809,2393.8829872586857,4113.055549280574,650.0,1182.0,279.0
Yemen,YEM,2010,674.7061758043383,9075.28307531639,779.9244896366537,4393.978432597751,868.2943688501963,655.9214121218296,260.7855595148821,150.39023692244763,891.8595780546005,9801.570926325578,1814.0259792300503,7458.292779044729,25196.01446746419,57.31393712368835,22.00000000000005,10537.60183202229,36.90669764786421,1545.3823785484876,1130.2825711258545,519.9999999999995,1197.1828444593637,416.5195505316032,1474.608440694285,345.0,40277.03510139254,1930.8705371170267,4437.588448566358,2395.9571315732464,4118.13763382793,600.0,1228.0,289.0
Yemen,YEM,2011,536.5888136955409,9437.18570923706,780.1118263930921,4057.002893947124,857.7256410912734,648.562886494232,261.7606502730558,160.76429906701142,867.3776325517418,9969.17031219826,1812.5598121491632,7146.722054706172,24663.161313755,59.38204118598965,0.0,9848.910547469952,36.91321137836872,1462.7671453503624,1171.468385958452,1742.999999999999,1256.2272592116808,417.4269861829029,1392.5832922574389,461.0,41647.93452510341,1996.8020961320408,4538.515522030822,2422.5758896703624,4193.685916622341,570.0,1282.0,302.0
Yemen,YEM,2012,517.9948233422822,9731.036653200848,761.4652176999736,4409.525418361666,822.34143007751,661.2698249128588,268.33345696319054,168.37460246074667,844.01137588705,9889.939835124818,1747.511886422583,6866.655371829718,23983.08758469186,60.77857508303586,0.0,8602.46881150219,36.39636504814977,1347.9118174131324,1185.4142055774987,3386.0000000000005,1310.3964795990155,407.6520997416066,1279.7445186440848,1056.0,42823.72752004778,2055.2321135859715,4620.024118519214,2416.772746941245,4205.852524606876,537.0,1337.0,315.0
Yemen,YEM,2013,507.9556595185365,10141.98786686213,777.0177473886143,3955.396649322833,836.543550816531,672.4262648905084,279.7723748886949,179.80626635035352,850.6425033769794,10167.489972733189,1738.7491649184926,6777.682776248955,23328.268839534845,63.13112762613011,39.99999999999998,7741.090441039832,37.17209711598939,1279.0132939849614,1231.9035912939682,1206.0000000000018,1374.7419391525011,415.3134645048473,1211.6490894748547,624.0,44190.8502561772,2142.9914944277803,4745.915145565808,2427.8521207509216,4237.473168716286,517.0,1396.0,329.0
Yemen,YEM,2014,499.35049595242,10462.258922070076,770.2674249367956,4587.031995057979,820.6020381144142,1136.097175739549,284.548011400535,187.57854310309224,849.6983535676629,10177.990624759714,1652.6400793442988,6612.879779866544,22399.621135014306,64.58841356475102,0.0,6901.569171984398,37.32370895594315,1186.7971298083191,1241.4652451780812,3007.999999999998,1434.6744700082656,411.6824863772418,1121.6407028790686,1353.0,45318.11970815238,2214.8938260112973,4825.280994841696,2419.48379370431,4230.676213113625,491.0,1453.0,343.0
Yemen,YEM,2015,508.67972055372377,10899.692172562833,790.5401772205703,4195.78595733493,837.0230938976039,1086.7993861211953,287.14293789388074,201.35763187343272,877.4556124714306,10521.636059568844,1659.3627578867724,6584.663371449551,21614.373482947354,67.52377289108121,25.999999999999982,6440.558371974184,38.435838649906266,1131.1122573816835,1302.082305681862,7746.525758280005,1507.1218194910152,421.4288244398764,1066.5833782261875,2374.0,47306.77140719259,2311.265610895955,4981.165170233471,2459.6428259858967,4308.217930650757,480.0,1510.0,357.0
